symbol,companyName,securityName,sectorName,instrumentType,regulatoryBody,status,snapshot_date
ACEDBL,Ace Development Bank Ltd.,Ace Development Bank Ltd.,Development Banks,Equity,Nepal Rastra Bank,D,2026-08-09
ACLBSL,Aarambha Chautari Laghubitta Bittya Sanstha Limited,Aarambha Chautari Laghubitta Bittiya Sanstha Limited,Microfinance,Equity,Nepal Rastra Bank,A,2026-08-09
ADBL,Agricultural Development Bank Limited,Agricultural Development Bank Limited,Commercial Banks,Equity,Nepal Rastra Bank,A,2026-08-09
ADBLB,Agricultural Development Bank Limited,4% Agricultural Bond,Commercial Banks,Non-Convertible Debentures,Nepal Rastra Bank,A,2026-08-09
ADBLB86,Agricultural Development Bank Limited,Agricultural Bond (8 Year),Commercial Banks,Non-Convertible Debentures,Nepal Rastra Bank,A,2026-08-09
ADBLB87,Agricultural Development Bank Limited,Agricultural Bond (9 Year),Commercial Banks,Non-Convertible Debentures,Nepal Rastra Bank,A,2026-08-09
ADBLD83,Agricultural Development Bank Limited,10.35% Agricultural Bank Debenture 2083,Commercial Banks,Non-Convertible Debentures,Nepal Rastra Bank,A,2026-08-09
ADLB,Adarsha Laghubitta Bittiya Sanstha Limited,Adarsha Laghubitta Bittiya Sanstha Limited,Microfinance,Equity,Nepal Rastra Bank,D,2026-08-09
AEFL,Alpic Everest Finance Co. Ltd.,Alpic Everest Finance Co. Ltd.,Finance,Equity,Nepal Rastra Bank,D,2026-08-09
AFL,Api Finance Limited,Api Finance Limited,Finance,Equity,Nepal Rastra Bank,D,2026-08-09
AHL,Asian Hydropower Limited,Asian Hydropower Limited,Hydro Power,Equity,Nepal Hydropower Board,A,2026-08-09
AHPC,Arun Valley Hydropower Development Company Limited,Arun Valley Hydropower Development Co. Ltd.,Hydro Power,Equity,Nepal Hydropower Board,A,2026-08-09
AIL,Ajod Insurance Ltd,Ajod Insurance Limited,Non Life Insurance,Equity,Nepal Insurance Board,D,2026-08-09
AKBSL,Adhikhola Laghubitta Bittiya Sanstha Limited,Adhikhola Laghubitta Bittiya Sanstha Limited,Microfinance,Equity,Nepal Rastra Bank,D,2026-08-09
AKJCL,Ankhu Khola Jalvidhyut Company Limited,Ankhu Khola Jalvidhyut Company Ltd,Hydro Power,Equity,Nepal Hydropower Board,A,2026-08-09
AKPL,Arun Kabeli Power Ltd.,Arun Kabeli Power Ltd.,Hydro Power,Equity,Nepal Hydropower Board,A,2026-08-09
ALBSL,Asha Laghubitta Bittiya Sanstha Ltd.,Asha Laghubitta Bittiya Sanstha Ltd,Microfinance,Equity,Nepal Rastra Bank,A,2026-08-09
ALDBL,Alpine Development Bank Limited,Alpine Development Bank Limited,Development Banks,Equity,Nepal Rastra Bank,D,2026-08-09
ALICL,Asian Life Insurance Co Limited,Asian Life Insurance Co. Limited,Life Insurance,Equity,Nepal Insurance Board,A,2026-08-09
AMFI,Arambha Microfinance Bittiya Sanstha Ltd.,Arambha Microfinance Bittiya Sanstha Ltd.,Microfinance,Equity,Nepal Rastra Bank,D,2026-08-09
ANLB,Aatmanirbhar Laghubitta Bittitya Sanstha Limited,Aatmanirbhar Laghubitta Bittiya Sanstha Limited,Microfinance,Equity,Nepal Rastra Bank,A,2026-08-09
APEX,Apex Development Bank Ltd.,Apex Development Bank Ltd.,Development Banks,Equity,Nepal Rastra Bank,D,2026-08-09
APHL,Appolo Hydropower Limited,Appolo Hydropower Limited,Hydro Power,Equity,Nepal Hydropower Board,A,2026-08-09
API,API POWER COMPANY LIMITED,Api Power Company Ltd.,Hydro Power,Equity,Nepal Hydropower Board,A,2026-08-09
ARDBL,Araniko Development Bank Limited,Araniko Development Bank Limited,Development Banks,Equity,Nepal Rastra Bank,D,2026-08-09
AVU,Arun Vanaspati Udhyog Limited,Arun Vanaspati Udhyog Limited,Manufacturing And Processing,Equity,Department of Industry,S,2026-08-09
AVYAN,Aviyan laghubittya bittiya sanstha limited,Aviyan Laghubitta Bittiya Sanstha Limited,Microfinance,Equity,Nepal Rastra Bank,A,2026-08-09
AXIS,Axis Development Bank Limited,Axis Development Bank Limited,Development Banks,Equity,Nepal Rastra Bank,D,2026-08-09
BANDIPUR,Bandipur Cable Car and Tourism Limited,Bandipur Cablecar and Tourism Limited,Hotels And Tourism,Equity,Ministry of Tourism,A,2026-08-09
BARUN,Barun Hydropower Co. Ltd.,Barun Hydropower Co. Ltd.,Hydro Power,Equity,Nepal Hydropower Board,A,2026-08-09
BBBL,Bhrikuti Vikash Bank Limited,Bhrikuti Vikash Bank Limited,Development Banks,Equity,Nepal Rastra Bank,D,2026-08-09
BBBLN,Bagheshwori Development Bank Limited,Bagheshwori Development Bank Limited,Development Banks,Equity,Nepal Rastra Bank,D,2026-08-09
BBC,Bishal Bazar Company Limited,Bishal Bazar Company Limited,Tradings,Equity,Department of Industry,A,2026-08-09
BEDC,Bhugol Energy Development Company Ltd,Bhugol Energy Development Company Limited,Hydro Power,Equity,Nepal Hydropower Board,A,2026-08-09
BFC,Best Finance Company Ltd.,Best Finance Company Ltd.,Finance,Equity,Nepal Rastra Bank,A,2026-08-09
BFCL,Bhaktapur Finance Co. Ltd.,Bhaktapur Finance Co. Ltd.,Finance,Equity,Nepal Rastra Bank,D,2026-08-09
BFIL,Bhajuratna Finance & Saving Co. Ltd.,Bhajuratna Finance & Saving Co. Ltd.,Finance,Equity,Nepal Rastra Bank,D,2026-08-09
BGDBL,Bagmati Development Bank Ltd.,Bagmati Development Bank Ltd.,Development Banks,Equity,Nepal Rastra Bank,D,2026-08-09
BGWT,Bhagawati Hyropower Development Company Ltd.,Bhagawati Hydropower Development Company Limited,Hydro Power,Equity,Nepal Hydropower Board,A,2026-08-09
BHBL,Bhargav Bikash Bank Ltd.,Bhargav Bikash Bank Ltd.,Development Banks,Equity,Nepal Rastra Bank,D,2026-08-09
BHCL,Bikash Hydropower Company Ltd,Bikash Hydropower Company Limited,Hydro Power,Equity,Nepal Hydropower Board,A,2026-08-09
BHDC,Bindhyabasini Hydropower Development Company Limited,Bindhyabasini Hydropower Development Company Limited,Hydro Power,Equity,Nepal Hydropower Board,A,2026-08-09
BHL,Balephi Hydropower Limited,Balephi Hydropower Limited,Hydro Power,Equity,Nepal Hydropower Board,A,2026-08-09
BHPL,Barahi Hydropower Public Limited,Barahi Hydropower Public Limited,Hydro Power,Equity,Nepal Hydropower Board,A,2026-08-09
BJFL,Birgunj Finance Ltd.,Birgunj Finance Ltd.,Finance,Equity,Nepal Rastra Bank,D,2026-08-09
BJHL,Bhujung Hydropower Limited,Bhujung Hydropower Limited,Hydro Power,Equity,Nepal Hydropower Board,A,2026-08-09
BJM,Biratnagar Jute Mills Limited,Biratnagar Jute Mills Limited,Manufacturing And Processing,Equity,Department of Industry,D,2026-08-09
BLDBL,Biratlaxmi Bikas Bank Limited,Biratlaxmi Bikas Bank Limited,Development Banks,Equity,Nepal Rastra Bank,D,2026-08-09
BNHC,Buddha bhumi nepal hydro power company limited,Buddha Bhumi Nepal Hydropower Company Limited,Hydro Power,Equity,Nepal Hydropower Board,A,2026-08-09
BNL,Bottlers Nepal (Balaju) Limited,Bottlers Nepal (Balaju) Limited,Manufacturing And Processing,Equity,Department of Industry,A,2026-08-09
BNT,Bottlers Nepal (Terai) Limited,Bottlers Nepal (Terai) Limited,Manufacturing And Processing,Equity,Department of Industry,A,2026-08-09
BOAN,Bank of Asia Nepal Limited,Bank of Asia Nepal Limited,Commercial Banks,Equity,Nepal Rastra Bank,D,2026-08-09
BOKD2079,Bank of Kathmandu Ltd.,8% BOK Debenture 2079,Commercial Banks,Non-Convertible Debentures,Nepal Rastra Bank,D,2026-08-09
BOKD86,Bank of Kathmandu Ltd.,8.5% BOK Debenture 2086,Commercial Banks,Non-Convertible Debentures,Nepal Rastra Bank,A,2026-08-09
BOKD86KA,Bank of Kathmandu Ltd.,"BOK Debenture 2086 ""KA""",Commercial Banks,Non-Convertible Debentures,Nepal Rastra Bank,A,2026-08-09
BOKL,Bank of Kathmandu Ltd.,Bank of Kathmandu Ltd.,Commercial Banks,Equity,Nepal Rastra Bank,D,2026-08-09
BPCL,Butwal Power Company Limited,Butwal Power Company Limited,Hydro Power,Equity,Nepal Hydropower Board,A,2026-08-09
BPW,BPW Laghubitta Bittiya Sanstha,BPW Laghubitta Bittiya Sanstha Limited,Microfinance,Equity,Nepal Rastra Bank,D,2026-08-09
BRTBL,Bright Development Bank Ltd,Bright Development Bank Ltd,Development Banks,Equity,Nepal Rastra Bank,D,2026-08-09
BSL,Birat Shoe Limited,Birat Shoe Limited,Manufacturing And Processing,Equity,Department of Industry,S,2026-08-09
BSM,Butwal Spinning Mills Limited,Butwal Spinning Mills Limited,Manufacturing And Processing,Equity,Department of Industry,S,2026-08-09
BUDBL,Business Universal Development Bank Ltd.,Business Universal Development Bank Ltd.,Development Banks,Equity,Nepal Rastra Bank,D,2026-08-09
BUNGAL,Bungal Hydro Limited,Bungal Hydro Limited,Hydro Power,Equity,Nepal Hydropower Board,A,2026-08-09
C30MF,Citizens Bank International Limited,Citizens Super 30 Mutual Fund,Commercial Banks,Mutual Funds,Nepal Rastra Bank,A,2026-08-09
CBBL,Chhimek Laghubitta Bittiya Sanstha Limited,Chhimek Laghubitta Bittiya Sanstha Limited,Microfinance,Equity,Nepal Rastra Bank,A,2026-08-09
CBL,Civil Bank Ltd,Civil Bank Ltd,Commercial Banks,Equity,Nepal Rastra Bank,D,2026-08-09
CBLD88,Civil Bank Ltd,Civil Bank Debenture 2088,Commercial Banks,Non-Convertible Debentures,Nepal Rastra Bank,A,2026-08-09
CCBD88,Century Commercial Bank Ltd.,Century Debenture 2088,Commercial Banks,Non-Convertible Debentures,Nepal Rastra Bank,A,2026-08-09
CCBL,Century Commercial Bank Ltd.,Century Commercial Bank Ltd.,Commercial Banks,Equity,Nepal Rastra Bank,D,2026-08-09
CEDBL,Clean Energy Development Bank Limited,Clean Energy Development Bank Limited,Development Banks,Equity,Nepal Rastra Bank,D,2026-08-09
CEFL,City Express Finance Co. Limited,City Express Finance Co. Limited,Finance,Equity,Nepal Rastra Bank,D,2026-08-09
CFCL,Central Finance Co. Ltd.,Central Finance Co. Ltd.,Finance,Equity,Nepal Rastra Bank,A,2026-08-09
CFL,Crystal Finance Ltd.,Crystal Finance Ltd.,Finance,Equity,Nepal Rastra Bank,S,2026-08-09
CGH,Chandragiri Hills Limited,Chandragiri Hills Limited,Hotels And Tourism,Equity,Ministry of Tourism,A,2026-08-09
CHCL,Chilime Hydropower Company Limited,Chilime Hydropower Company Limited,Hydro Power,Equity,Nepal Hydropower Board,A,2026-08-09
CHDC,CEDB Hydropower Development Company Limited,CEDB Holdings Limited,Investment,Equity,Nepal Rastra Bank,A,2026-08-09
CHL,Chhyangdi Hydropower Ltd.,Chhyangdi Hydropower Ltd.,Hydro Power,Equity,Nepal Hydropower Board,A,2026-08-09
CIT,Citizen Investment Trust,Citizen Investment Trust,Investment,Equity,Nepal Rastra Bank,A,2026-08-09
CITY,CITY HOTEL LIMITED ,City Hotel Limited,Hotels And Tourism,Equity,Ministry of Tourism,A,2026-08-09
CIVIC,Civic Development Bank Ltd,Civic Development Bank Ltd,Development Banks,Equity,Nepal Rastra Bank,D,2026-08-09
CIZBD86,Citizens Bank International Limited,10.25% Citizens Bank Debenture 2086,Commercial Banks,Non-Convertible Debentures,Nepal Rastra Bank,A,2026-08-09
CIZBD90,Citizens Bank International Limited,10% Citizens Bank Debenture 2090,Commercial Banks,Non-Convertible Debentures,Nepal Rastra Bank,A,2026-08-09
CKHL,Chirkhwa Hydropower Limited,Chirkhwa Hydropower Limited ,Hydro Power,Equity,Nepal Hydropower Board,A,2026-08-09
CLI,Citizen Life Insurance Company Limited,Citizen Life Insurance Company Limited,Life Insurance,Equity,Nepal Insurance Board,A,2026-08-09
CMB,Capital Merchant Bank & Finance Co. Ltd.,Capital Merchant Bank & Finance Co. Ltd.,Finance,Equity,Nepal Rastra Bank,S,2026-08-09
CMBF,CMB Finance Limited,CMB Finance Limited,Finance,Equity,Nepal Rastra Bank,D,2026-08-09
CMBSL,Civil Merchant Bittiya Santha Ltd.,Civil Merchant Bittiya Santha Ltd.,Finance,Equity,Nepal Rastra Bank,D,2026-08-09
CMF1,Citizens Bank International Limited,Citizens Mutual Fund -1,Commercial Banks,Mutual Funds,Nepal Rastra Bank,D,2026-08-09
CMF2,CBIL Capital Limited,CITIZENS MUTUAL FUND 2,Mutual Fund,Mutual Funds,Nepal Rastra Bank,D,2026-08-09
CNDBL,Country Development Bank Ltd.,Country Development Bank Ltd.,Development Banks,Equity,Nepal Rastra Bank,D,2026-08-09
CORBL,Corporate Development Bank Limited,Corporate Development Bank Limited,Development Banks,Equity,Nepal Rastra Bank,A,2026-08-09
CREST,Crest Micro Life Insurance Limited,Crest Micro Life Insurance Limited,Life Insurance,Equity,Nepal Insurance Board,A,2026-08-09
CSDBL,Cosmos Development Bank Ltd.,Cosmos Development Bank Ltd.,Development Banks,Equity,Nepal Rastra Bank,D,2026-08-09
CSY,Citizens Bank International Limited,Citizens Santulit Yojana,Commercial Banks,Mutual Funds,Nepal Rastra Bank,A,2026-08-09
CTBNL,Commerz and Trust Bank Nepal Ltd.,Commerz and Trust Bank Nepal Ltd.,Commercial Banks,Equity,Nepal Rastra Bank,D,2026-08-09
CYCL,CYC Nepal laghubitta Bittiya Sanstha Limited,CYC Nepal Laghubitta Bittiya Sanstha Limited,Microfinance,Equity,Nepal Rastra Bank,A,2026-08-09
CZBIL,Citizens Bank International Limited,Citizens Bank International Limited,Commercial Banks,Equity,Nepal Rastra Bank,A,2026-08-09
DBBL,Deva Bikas Bank Limited,Deva Bikas Bank Limited,Development Banks,Equity,Nepal Rastra Bank,D,2026-08-09
DDBL,Deprosc Laghubitta Bittiya Sanstha Limited,Deprosc Laghubitta Bittiya Sanstha Limited,Microfinance,Equity,Nepal Rastra Bank,A,2026-08-09
DHEL,Daramkhola hydro Energy Ltd.,Daramkhola Hydro Energy Limited,Hydro Power,Equity,Nepal Hydropower Board,A,2026-08-09
DHPL,Dibyashwori Hydropower Ltd.,Dibyashwori Hydropower Ltd.,Hydro Power,Equity,Nepal Hydropower Board,A,2026-08-09
DLBS,Dhaulagiri laghubitta Sanstha Limited,Dhaulagiri Laghubitta Bittiya Sanstha Limited,Microfinance,Equity,Nepal Rastra Bank,A,2026-08-09
DOLTI,Dolti Power Company Ltd.,Dolti Power Company Limited,Hydro Power,Equity,Nepal Hydropower Board,A,2026-08-09
DORDI,Dordi Khola Jal Bidyut Company limited,Dordi Khola Jal Bidyut Company Limited,Hydro Power,Equity,Nepal Hydropower Board,A,2026-08-09
EBL,Everest Bank Limited,Everest Bank Limited,Commercial Banks,Equity,Nepal Rastra Bank,A,2026-08-09
EBLCP,Everest Bank Limited,Everest Bank Limited Con. Pref.,Commercial Banks,Preference Shares,Nepal Rastra Bank,D,2026-08-09
EBLD2078,Everest Bank Limited,8% EBL Debenture 2078,Commercial Banks,Non-Convertible Debentures,Nepal Rastra Bank,D,2026-08-09
EBLD85,Everest Bank Limited,10.50% Everest Bank Limited Debenture 2085,Commercial Banks,Non-Convertible Debentures,Nepal Rastra Bank,A,2026-08-09
EBLD86,Everest Bank Limited,Everest Bank Limited,Commercial Banks,Non-Convertible Debentures,Nepal Rastra Bank,A,2026-08-09
EBLD91,Everest Bank Limited,Everest Bank Limited Debenture 2091,Commercial Banks,Non-Convertible Debentures,Nepal Rastra Bank,A,2026-08-09
EBLEB89,Everest Bank Limited,"Everest Bank Limited Energy Bond, 2089",Commercial Banks,Non-Convertible Debentures,Nepal Rastra Bank,A,2026-08-09
ECL,Everest Colour Ltd.,Everest Colour Limited,Manufacturing And Processing,Equity,Department of Industry,A,2026-08-09
EDBL,Excel Development Bank Ltd.,Excel Development Bank Ltd.,Development Banks,Equity,Nepal Rastra Bank,A,2026-08-09
EFL,Everest Finance Ltd.,Everest Finance Ltd.,Finance,Equity,Nepal Rastra Bank,D,2026-08-09
EHPL,Eastern Hydropower Limited,Eastern Hydropower Limited,Hydro Power,Equity,Nepal Hydropower Board,A,2026-08-09
EIC,Everest Insurance Co. Ltd.,Everest Insurance Co. Ltd.,Non Life Insurance,Equity,Nepal Insurance Board,D,2026-08-09
EKBL,Ekata Bikas Bank Ltd.,Ekata Bikas Bank Ltd.,Development Banks,Equity,Nepal Rastra Bank,D,2026-08-09
ENL,Emerging nepal limited,Emerging Nepal Limited,Investment,Equity,Nepal Rastra Bank,A,2026-08-09
ESC,National Pro. And Eco. Dev. Centre,National Pro. And Eco. Dev. Centre,Others,Equity,,D,2026-08-09
FFCL,Fewa Finance Co. Ltd.,Fewa Finance Co. Ltd.,Finance,Equity,Nepal Rastra Bank,D,2026-08-09
FHL,Fleur Himalayan Limited,Fleur Himalayan Limited,Manufacturing And Processing,Equity,Department of Industry,S,2026-08-09
FMDBL,First Micro Finance Laghubitta Bittiya Sanstha Limited,First Micro Finance Laghubitta Bittiya Sanstha Limited,Microfinance,Equity,Nepal Rastra Bank,A,2026-08-09
FOWAD,Forward Microfinance Laghubitta Bittiya Sanstha Limited,Forward Microfinance Laghubitta Bittiya Sanstha Limited,Microfinance,Equity,Nepal Rastra Bank,A,2026-08-09
GABL,Gaumukhee Bikas Bank Ltd.,Gaumukhee Bikas Bank Ltd.,Development Banks,Equity,Nepal Rastra Bank,D,2026-08-09
GBBD85,Garima Bikas Bank Limited,"Garima Debenture, 2085",Development Banks,Non-Convertible Debentures,Nepal Rastra Bank,A,2026-08-09
GBBL,Garima Bikas Bank Limited,Garima Bikas Bank Limited,Development Banks,Equity,Nepal Rastra Bank,A,2026-08-09
GBD80/81,Global IME Bank Limited,10.25% GLOBAL IME BANK LTD. DEBENTURE 2080/81,Commercial Banks,Non-Convertible Debentures,Nepal Rastra Bank,D,2026-08-09
GBILD84/85,Global IME Bank Limited,"Global IME Bank Debenture, 2084/85",Commercial Banks,Non-Convertible Debentures,Nepal Rastra Bank,A,2026-08-09
GBILD86/87,Global IME Bank Limited,Global IME Bank Limited Debenture 2086/87,Commercial Banks,Non-Convertible Debentures,Nepal Rastra Bank,A,2026-08-09
GBIME,Global IME Bank Limited,Global IME Bank Limited,Commercial Banks,Equity,Nepal Rastra Bank,A,2026-08-09
GBIMESY2,Global IME Bank Limited,Global IME Sammunat Yojana -2,Commercial Banks,Mutual Funds,Nepal Rastra Bank,A,2026-08-09
GBLBS,Grameen Bikas Laghubitta Bittiya Sanstha Ltd.,Grameen Bikas Laghubitta Bittiya Sanstha Ltd.,Microfinance,Equity,Nepal Rastra Bank,A,2026-08-09
GCIL,Ghorahi Cement Industry Limited,Ghorahi Cement Industry Limited,Manufacturing And Processing,Equity,Department of Industry,A,2026-08-09
GDBL,Gandaki Bikas Bank Limited,Gandaki Bikas Bank Limited,Development Banks,Equity,Nepal Rastra Bank,D,2026-08-09
GDBL1,Gandaki Bikas BankLimited,Gandaki Bikas BankLimited,Development Banks,Equity,Nepal Rastra Bank,D,2026-08-09
GDBNL,Gurkha Development Bank Limited,Gurkha Development Bank Limited,Development Banks,Equity,Nepal Rastra Bank,D,2026-08-09
GFCL,Goodwill Finance Limited,Goodwill Finance Limited,Finance,Equity,Nepal Rastra Bank,A,2026-08-09
GFLK,Gorkha Finance Ltd.,Gorkha Finance Ltd.,Finance,Equity,Nepal Rastra Bank,D,2026-08-09
GGBSL,ghodighoda laghubitta bittiya sanstha ltd,Ghodighoda Laghubitta Bittiya Sanstha Ltd.,Microfinance,Equity,Nepal Rastra Bank,D,2026-08-09
GHL,Ghalemdi Hydro Limited,Ghalemdi Hydro Limited,Hydro Power,Equity,Nepal Hydropower Board,A,2026-08-09
GIBF1,Global IME Balanced Fund-1,Global IME Balanced Fund-1,Mutual Fund,Mutual Funds,Nepal Rastra Bank,A,2026-08-09
GIC,General Insurance Company Nepal Ltd,General Insurance Company Nepal Ltd,Non Life Insurance,Equity,Nepal Insurance Board,D,2026-08-09
GILB,Global IME Laghubitta Bittiya Sanstha Ltd.,Global IME Laghubitta Bittiya Sanstha Ltd.,Microfinance,Equity,Nepal Rastra Bank,A,2026-08-09
GIMES1,Global IME Bank Limited,Global IME Samunnat Scheme-1,Commercial Banks,Mutual Funds,Nepal Rastra Bank,D,2026-08-09
GLBSL,Gurans Laghubitta Bittiya Sanstha Ltd,Gurans Laghubitta Bittiya Sanstha Limited,Microfinance,Equity,Nepal Rastra Bank,A,2026-08-09
GLH,Greenlife Hydropower Limited,GreenLife Hydropower Limited,Hydro Power,Equity,Nepal Hydropower Board,A,2026-08-09
GLICL,Gurans Life Insurance Company Ltd.,Gurans Life Insurance Company Ltd.,Life Insurance,Equity,Nepal Insurance Board,D,2026-08-09
GMFBS,Ganapati Laghubitta Bittiya Sanstha Ltd,Ganapati Laghubitta Bittiya Sanstha Limited,Microfinance,Equity,Nepal Rastra Bank,A,2026-08-09
GMFIL,Guheswori Merchant Banking & Finance Ltd.,Guheshowori Merchant Bank & Finance Co. Ltd.,Finance,Equity,Nepal Rastra Bank,A,2026-08-09
GMLI,GUARDIAN MICRO LIFE INSURANCE LIMITED,Guardian Micro Life Insurance Limited ,Life Insurance,Equity,Nepal Insurance Board,A,2026-08-09
GRAND,Grand Bank Nepal Limited,Grand Bank Nepal Limited,Commercial Banks,Equity,Nepal Rastra Bank,D,2026-08-09
GRDBL,Green Development Bank Ltd.,Green Development Bank Ltd.,Development Banks,Equity,Nepal Rastra Bank,A,2026-08-09
GRU,Gorakhkali Rubber Udhyog Limited,Gorakhkali Rubber Udhyog Limited,Manufacturing And Processing,Equity,Department of Industry,S,2026-08-09
GSDBL,Gaurishankar Development Bank Ltd.,Gaurishankar Development Bank Ltd.,Development Banks,Equity,Nepal Rastra Bank,D,2026-08-09
GSY,Garima Bikas Bank Limited,Garima Samriddhi Yojana,Development Banks,Mutual Funds,Nepal Rastra Bank,A,2026-08-09
GUFL,Gurkhas Finance Ltd.,Gurkhas Finance Ltd.,Finance,Equity,Nepal Rastra Bank,A,2026-08-09
GULMI,Gulmi Bikas Bank Ltd.,Gulmi Bikas Bank Ltd.,Development Banks,Equity,Nepal Rastra Bank,D,2026-08-09
GVL,Green Ventures Limited,Green Ventures Limited,Hydro Power,Equity,Nepal Hydropower Board,A,2026-08-09
GWFD83,Goodwill Finance Limited,12 % Goodwill Finance Limited Debenture 2083,Finance,Non-Convertible Debentures,Nepal Rastra Bank,A,2026-08-09
H8020,Himalayan Bank Limited,Himalayan 80-20,Commercial Banks,Mutual Funds,Nepal Rastra Bank,A,2026-08-09
HAMA,Hama Merchant & Finance Ltd.,Hama Merchant & Finance Ltd.,Finance,Equity,Nepal Rastra Bank,D,2026-08-09
HAMRO,Hamro Bikas Bank Ltd.,Hamro Bikas Bank Ltd.,Development Banks,Equity,Nepal Rastra Bank,D,2026-08-09
HATH,Hathway Finance Company Limited,Hathway Finance Company Limited,Finance,Equity,Nepal Rastra Bank,D,2026-08-09
HATHY,HATHWAY INVESTMENT NEPAL LIMITED,Hathway Investment Nepal Limited,Investment,Equity,Nepal Rastra Bank,A,2026-08-09
HBL,Himalayan Bank Limited,Himalayan Bank Limited,Commercial Banks,Equity,Nepal Rastra Bank,A,2026-08-09
HBLD83,Himalayan Bank Limited,10% Himalayan Bank Debenture 2083,Commercial Banks,Non-Convertible Debentures,Nepal Rastra Bank,A,2026-08-09
HBLD86,Himalayan Bank Limited,"Himalayan Bank Limited Bond, 2086",Commercial Banks,Non-Convertible Debentures,Nepal Rastra Bank,A,2026-08-09
HBT,Harisiddhi Brick And Tiles Limited,Harisiddhi Brick And Tiles Limited,Manufacturing And Processing,Equity,Department of Industry,S,2026-08-09
HDHPC,Himal Dolakha Hydropower Com. Ltd.,Himal Dolakha Hydropower Company Limited,Hydro Power,Equity,Nepal Hydropower Board,A,2026-08-09
HDL,Himalayan Distillery Limited,Himalayan Distillery Limited,Manufacturing And Processing,Equity,Department of Industry,A,2026-08-09
HEI,Himalayan Everest Insurance Limited,Himalayan Everest Insurance Limited,Non Life Insurance,Equity,Nepal Insurance Board,A,2026-08-09
HFIN,Hotel Forest Inn Limited,Hotel Forest Inn Limited,Hotels And Tourism,Equity,Ministry of Tourism,A,2026-08-09
HFL,Himalayan Finance Limited (Bittiya Sanstha),Himalayan Finance Limited (Bittiya Sanstha),Finance,Equity,Nepal Rastra Bank,S,2026-08-09
HHL,Himalayan Hydropower Limited,Himalayan Hydropower Limited,Hydro Power,Equity,Nepal Hydropower Board,A,2026-08-09
HIDCL,Hydorelectricity Investment and Development Company Ltd,Hydorelectricity Investment and Development Company Ltd,Investment,Equity,Nepal Rastra Bank,A,2026-08-09
HIMSTAR,Himstar Urja Company Ltd.,Him Star Urja Company Limited,Hydro Power,Equity,Nepal Hydropower Board,A,2026-08-09
HLBSL,Himalayan Laghubitta Bittiya Sanstha Limited,Himalayan Laghubitta Bittiya Sanstha Limited,Microfinance,Equity,Nepal Rastra Bank,A,2026-08-09
HLI,Himalayan Life Insurance Limited,Himalayan Life Insurance Limited,Life Insurance,Equity,Nepal Insurance Board,A,2026-08-09
HLICF,Himalayan Life Insurance Limited,HLI Large Cap Fund,Life Insurance,Mutual Funds,Nepal Insurance Board,A,2026-08-09
HPPL,Himalayan Power Partner Ltd.,Himalayan Power Partner Ltd.,Hydro Power,Equity,Nepal Hydropower Board,A,2026-08-09
HRL,Himalayan Reinsurance Limited,Himalayan Reinsurance Limited,Others,Equity,,A,2026-08-09
HTL,Himgiri Textile Industries Limited,Himgiri Textile Industries Limited,Manufacturing And Processing,Equity,Department of Industry,D,2026-08-09
HURJA,Himalaya Urja Bikas Company Limited,Himalaya Urja Bikas Company Limited,Hydro Power,Equity,Nepal Hydropower Board,A,2026-08-09
ICFC,ICFC Finance Limited,ICFC Finance Limited,Finance,Equity,Nepal Rastra Bank,A,2026-08-09
ICFCD83,ICFC Finance Limited,12% ICFC Finance Limited Debenture 2083,Finance,Non-Convertible Debentures,Nepal Rastra Bank,A,2026-08-09
ICFCD88,ICFC Finance Limited,9% ICFC Finance Limited Debenture 2088,Finance,Non-Convertible Debentures,Nepal Rastra Bank,A,2026-08-09
ICFCD89,ICFC Finance Limited,8% ICFC Finance Limited Debenture 2089,Finance,Non-Convertible Debentures,Nepal Rastra Bank,A,2026-08-09
IDBL,Infrastructure Development Bank Ltd.,Infrastructure Development Bank Ltd.,Development Banks,Equity,Nepal Rastra Bank,D,2026-08-09
IFIL,Imperial Financial Inst. Ltd.,Imperial Financial Inst. Ltd.,Finance,Equity,Nepal Rastra Bank,D,2026-08-09
IGI,IGI Prudential Insurance Limited,IGI Prudential insurance Limited,Non Life Insurance,Equity,Nepal Insurance Board,A,2026-08-09
IHL,Ingwa Hydropower Limited,Ingwa Hydropower Limited,Hydro Power,Equity,Nepal Hydropower Board,A,2026-08-09
ILBS,Infinity Laghubitta Bittiya Sastha Ltd,Infinity Laghubitta Bittiya Sanstha Limited,Microfinance,Equity,Nepal Rastra Bank,A,2026-08-09
ILFC,International Leasing & Finance Co. Ltd.,International Leasing & Finance Co. Ltd.,Finance,Equity,Nepal Rastra Bank,D,2026-08-09
ILI,I.M.E. Life Insurance company Limited ,IME Life Insurance Company Limited,Life Insurance,Equity,Nepal Insurance Board,A,2026-08-09
IMEFI,IME Financial Institution,IME Financial Institution,Finance,Equity,Nepal Rastra Bank,D,2026-08-09
INDB,Innovative Development Bank Ltd.,Innovative Development Bank Ltd.,Development Banks,Equity,Nepal Rastra Bank,D,2026-08-09
INDBL,International Development Bank Ltd,International Development Bank Ltd,Development Banks,Equity,Nepal Rastra Bank,D,2026-08-09
JALPA,Jalpa Samudayik Laghubitta Sanstha Limited,Jalpa Samudayik Laghubitta Bittiya Sanstha Limited,Microfinance,Equity,Nepal Rastra Bank,D,2026-08-09
JBBD87,Jyoti Bikas Bank Limited,Jyoti Bikash Bank Bond 2087,Development Banks,Non-Convertible Debentures,Nepal Rastra Bank,A,2026-08-09
JBBL,Jyoti Bikas Bank Limited,Jyoti Bikas Bank Limited,Development Banks,Equity,Nepal Rastra Bank,A,2026-08-09
JBLB,Jeevan Bikas Laghubitta Bittiya Sanstha Ltd,Jeevan Bikas Laghubitta  Bittya Sanstha Ltd,Microfinance,Equity,Nepal Rastra Bank,A,2026-08-09
JBNL,Janata Bank Nepal Ltd.,Janata Bank Nepal Ltd.,Commercial Banks,Equity,Nepal Rastra Bank,D,2026-08-09
JEFL,Jebils Finance Ltd.,Jebils Finance Ltd.,Finance,Equity,Nepal Rastra Bank,D,2026-08-09
JFL,Janaki Finance Company Limited,Janaki Finance Company Limited,Finance,Equity,Nepal Rastra Bank,A,2026-08-09
JHAPA,Jhapa Energy Limited,Jhapa Energy Limited,Others,Equity,,A,2026-08-09
JHBL,Jhimruk Bikas Bank Ltd.,Jhimruk Bikas Bank Ltd.,Development Banks,Equity,Nepal Rastra Bank,D,2026-08-09
JLI,Jyoti Life Insurance Company Limited,Jyoti Life Insurance Company Limited,Life Insurance,Equity,Nepal Insurance Board,D,2026-08-09
JOSHI,Joshi Hydropower Development Company Ltd,Joshi Hydropower Development Company Ltd,Hydro Power,Equity,Nepal Hydropower Board,A,2026-08-09
JSLBB,Janautthan Samudayic Laghubitta Bittya Sanstha Limited,Janautthan Samudayic Laghubitta Bittya Sanstha Limited,Microfinance,Equity,Nepal Rastra Bank,A,2026-08-09
JSM,Jyoti Sinning Mills Limited,Jyoti Sinning Mills Limited,Manufacturing And Processing,Equity,Department of Industry,S,2026-08-09
KADBL,Kanchan Development Bank Limited,Kanchan Development Bank Limited,Development Banks,Equity,Nepal Rastra Bank,D,2026-08-09
KAFIL,Kaski Finance Limited,Kaski Finance Limited,Finance,Equity,Nepal Rastra Bank,D,2026-08-09
KAHL,Kalanga Hydro Limited,Kalanga Hydro Limited,Hydro Power,Equity,Nepal Hydropower Board,A,2026-08-09
KBBL,Kailash Bikas Bank Ltd.,Kailash Bikas Bank Ltd.,Development Banks,Equity,Nepal Rastra Bank,D,2026-08-09
KBL,Kumari Bank Limited,Kumari Bank Limited,Commercial Banks,Equity,Nepal Rastra Bank,A,2026-08-09
KBLD86,Kumari Bank Limited,10.25% KBL Debenture 2086,Commercial Banks,Non-Convertible Debentures,Nepal Rastra Bank,A,2026-08-09
KBLD89,Kumari Bank Limited,11% KBL Debenture 2089,Commercial Banks,Non-Convertible Debentures,Nepal Rastra Bank,A,2026-08-09
KBLD90,Kumari Bank Limited,10% KBL Debenture 2090,Commercial Banks,Non-Convertible Debentures,Nepal Rastra Bank,A,2026-08-09
KBSH,Kutheli Bukhari Small Hydropower Ltd,Kutheli Bukhari Small Hydropower Limited,Hydro Power,Equity,Nepal Hydropower Board,A,2026-08-09
KCDBL,Kalinchowk Development Bank Ltd.,Kalinchowk Development Bank Ltd.,Development Banks,Equity,Nepal Rastra Bank,D,2026-08-09
KDBL,Kasthamandap Development Bank Limited,Kasthamandap Development Bank Limited,Development Banks,Equity,Nepal Rastra Bank,D,2026-08-09
KDBY,Kumari Bank Limited,Kumari Dhanabriddhi Yojana,Commercial Banks,Mutual Funds,Nepal Rastra Bank,A,2026-08-09
KDL,KALINCHOWK DARSHAN LIMITED ,Kalinchowk Darshan Limited,Hotels And Tourism,Equity,Ministry of Tourism,A,2026-08-09
KEBL,Kabeli Bikas Bank Limited,Kabeli Bikas Bank Limited,Development Banks,Equity,Nepal Rastra Bank,D,2026-08-09
KEF,Kumari Bank Limited,Kumari Equity Fund,Commercial Banks,Mutual Funds,Nepal Rastra Bank,A,2026-08-09
KHDBL,Khandbari Development Bank Ltd,Khandbari Development Bank Ltd,Development Banks,Equity,Nepal Rastra Bank,D,2026-08-09
KHPL,Kalinchock Hydropower Limited,Kalinchock Hydropower Limited,Hydro Power,Equity,Nepal Hydropower Board,A,2026-08-09
KKBL,Kakre Bihar Bikash Bank Ltd,Kakre Bihar Bikash Bank Ltd,Development Banks,Equity,Nepal Rastra Bank,D,2026-08-09
KKHC,Khanikhola Hydropower Co. Ltd.,Khanikhola Hydropower Co. Ltd.,Hydro Power,Equity,Nepal Hydropower Board,A,2026-08-09
KLBS,Khaptad Laghubitta Bittiya Sanstha Ltd,Khaptad Laghubitta Bittiya Sanstha Limited,Microfinance,Equity,Nepal Rastra Bank,D,2026-08-09
KMCDB,Kalika Laghubitta Bittiya Sanstha Ltd,Kalika Laghubitta Bittiya Sanstha Ltd,Microfinance,Equity,Nepal Rastra Bank,A,2026-08-09
KNBL,Kankai Bikas Bank Ltd.,Kankai Bikas Bank Ltd.,Development Banks,Equity,Nepal Rastra Bank,D,2026-08-09
KPCL,Kalika power Company Ltd,Kalika power Company Ltd,Hydro Power,Equity,Nepal Hydropower Board,A,2026-08-09
KRBL,Karnali Development Bank Limited,Karnali Development Bank Limited,Development Banks,Equity,Nepal Rastra Bank,S,2026-08-09
KSBBL,Kamana Sewa Bikas Bank Limited,Kamana Sewa Bikas Bank Limited,Development Banks,Equity,Nepal Rastra Bank,A,2026-08-09
KSBBLD87,Kamana Sewa Bikas Bank Limited,9% Kamana Sewa Bikas Bank Limited Debenture 2087,Development Banks,Non-Convertible Debentures,Nepal Rastra Bank,A,2026-08-09
KSBBLPNP,Kamana Sewa Bikas Bank Limited,KSBBL 9% Perpetual Non Cumulative Preference Share,Development Banks,Preference Shares,Nepal Rastra Bank,A,2026-08-09
KSY,Kumari Bank Limited,Kumari Sabal Yojana,Commercial Banks,Mutual Funds,Nepal Rastra Bank,A,2026-08-09
LBBL,Lumbini Bikas Bank Ltd.,Lumbini Bikas Bank Ltd.,Development Banks,Equity,Nepal Rastra Bank,A,2026-08-09
LBBLD89,Lumbini Bikas Bank Ltd.,11% L.B.B.L. Debenture 2089,Development Banks,Non-Convertible Debentures,Nepal Rastra Bank,A,2026-08-09
LBFIL,Lord Buddha Finance Limited,Lord Buddha Finance Limited,Finance,Equity,Nepal Rastra Bank,D,2026-08-09
LBLD86,Laxmi Sunrise Bank Limited,10% Laxmi Bank Debenture 2086,Commercial Banks,Non-Convertible Debentures,Nepal Rastra Bank,A,2026-08-09
LBLD88,Laxmi Sunrise Bank Limited,8.5% Laxmi Bank Debenture 2088,Commercial Banks,Non-Convertible Debentures,Nepal Rastra Bank,A,2026-08-09
LEC,Liberty Energy Company Limited,Liberty Energy Company Limited,Hydro Power,Equity,Nepal Hydropower Board,A,2026-08-09
LEMF,Laxmi Sunrise Bank Limited,Laxmi Equity Fund,Commercial Banks,Mutual Funds,Nepal Rastra Bank,D,2026-08-09
LFC,Lalitpur Finance Ltd.,Lalitpur Finance Ltd.,Finance,Equity,Nepal Rastra Bank,D,2026-08-09
LFLC,Lumbini Finance Ltd.,Lumbini Finance Ltd.,Finance,Equity,Nepal Rastra Bank,D,2026-08-09
LGIL,Lumbini General Insurance Co. Ltd.,Lumbini General Insurance Co. Ltd.,Non Life Insurance,Equity,Nepal Insurance Board,D,2026-08-09
LICN,Life Insurance Corporation (Nepal) Limited,Life Insurance Corporation (Nepal) Limited,Life Insurance,Equity,Nepal Insurance Board,A,2026-08-09
LLBS,Laxmi Laghubitta Bittiya Sanstha Ltd.,Laxmi Laghubitta Bittiya Sanstha Ltd.,Microfinance,Equity,Nepal Rastra Bank,A,2026-08-09
LSH12,Laxmi Sunrise Bank Limited,LS Horizon 12,Commercial Banks,Mutual Funds,Nepal Rastra Bank,A,2026-08-09
LSL,Laxmi Sunrise Bank Limited,Laxmi Sunrise Bank Limited,Commercial Banks,Equity,Nepal Rastra Bank,A,2026-08-09
LUBL,Lumbini Bank Limited,Lumbini Bank Limited,Commercial Banks,Equity,Nepal Rastra Bank,D,2026-08-09
LUK,Laxmi Capital Market Limited,Laxmi Unnati Kosh,Mutual Fund,Mutual Funds,Nepal Rastra Bank,A,2026-08-09
LVF1,Laxmi Sunrise Bank Limited,Laxmi Value Fund-1,Commercial Banks,Mutual Funds,Nepal Rastra Bank,D,2026-08-09
LVF2,Laxmi Sunrise Bank Limited,Laxmi Value Fund 2,Commercial Banks,Mutual Funds,Nepal Rastra Bank,A,2026-08-09
MABEL,Mabilung Energy Limited,Mabilung Energy Limited,Hydro Power,Equity,Nepal Hydropower Board,A,2026-08-09
MAKAR,Makar Jitumaya Suri Hydropower Ltd ,Makar Jitumaya Suri Hydropower Limited,Hydro Power,Equity,Nepal Hydropower Board,A,2026-08-09
MANDU,Mandu Hydropower Limited,Mandu Hydropower Limited,Hydro Power,Equity,Nepal Hydropower Board,A,2026-08-09
MATRI,Matribhumi Lagubitta Bittiya Sanstha Limited,Matribhumi Lagubitta Bittiya Sanstha Limited,Microfinance,Equity,Nepal Rastra Bank,A,2026-08-09
MBBL,Mahakali Bikas Bank Limited,Mahakali Bikas Bank Limited,Development Banks,Equity,Nepal Rastra Bank,D,2026-08-09
MBJC,Madhya Bhotekoshi Jalavidyut Company Limited,Madhya Bhotekoshi Jalavidyut Company Limited,Hydro Power,Equity,Nepal Hydropower Board,A,2026-08-09
MBL,Machhapuchhre Bank Limited,Machhapuchhre Bank Limited,Commercial Banks,Equity,Nepal Rastra Bank,A,2026-08-09
MBLD2085,Machhapuchhre Bank Limited,10.25% Machhapuchhre Bank Debenture 2085,Commercial Banks,Non-Convertible Debentures,Nepal Rastra Bank,A,2026-08-09
MBLD87,Machhapuchhre Bank Limited,8.5% Machhapuchchhre Debenture 2087,Commercial Banks,Non-Convertible Debentures,Nepal Rastra Bank,A,2026-08-09
MBLEF,Machhapuchhre Bank Limited,MBL Equity Fund,Commercial Banks,Mutual Funds,Nepal Rastra Bank,A,2026-08-09
MBLPNP,Machhapuchhre Bank Limited,8.25% Machhapuchchhre Perpetual Non Cumulative Preference Share,Commercial Banks,Preference Shares,Nepal Rastra Bank,A,2026-08-09
MCHL,Menchhiyam Hydro Power Ltd,Menchhiyam Hydropower Limited,Hydro Power,Equity,Nepal Hydropower Board,A,2026-08-09
MDB,Miteri Development Bank Limited,Miteri Development Bank Limited,Development Banks,Equity,Nepal Rastra Bank,A,2026-08-09
MEGA,Mega  Bank Nepal Ltd.,Mega  Bank Nepal Ltd.,Commercial Banks,Equity,Nepal Rastra Bank,D,2026-08-09
MEHL,Manakamana Engineering Hydropower Limited,Manakamana Engineering Hydropower Limited,Hydro Power,Equity,Nepal Hydropower Board,A,2026-08-09
MEL,Modi Energy Limited,Modi Energy Limited,Hydro Power,Equity,Nepal Hydropower Board,A,2026-08-09
MEN,Mountain Energy Nepal Limited,Mountain Energy Nepal Limited,Hydro Power,Equity,Nepal Hydropower Board,A,2026-08-09
MERO,Meromicrofinance Laghubitta Bittiya Sanstha Ltd.,Mero Microfinance Bittiya Sanstha Ltd.,Microfinance,Equity,Nepal Rastra Bank,A,2026-08-09
METRO,Metro Development Bank Limited,Metro Development Bank Limited,Development Banks,Equity,Nepal Rastra Bank,D,2026-08-09
MFIL,Manjushree Finance Ltd.,Manjushree Finance Ltd.,Finance,Equity,Nepal Rastra Bank,A,2026-08-09
MFL,Maha Laxmi Finance Ltd.,Maha Laxmi Finance Ltd.,Finance,Equity,Nepal Rastra Bank,D,2026-08-09
MFLD85,Manjushree Finance Ltd.,9.5% Manjushree Finance Limited Debenture 2085,Finance,Non-Convertible Debentures,Nepal Rastra Bank,A,2026-08-09
MGBL,Madhyamanchal Gramin Development Bank Ltd.,Madhyamanchal Gramin Development Bank Ltd.,Development Banks,Equity,Nepal Rastra Bank,D,2026-08-09
MHCL,Molung Hydropower Company Limited,Molung Hydropower Company Limited,Hydro Power,Equity,Nepal Hydropower Board,A,2026-08-09
MHL,Mandakini Hydropower Limited,Mandakini Hydropower Limited,Hydro Power,Equity,Nepal Hydropower Board,A,2026-08-09
MHNL,Mountain Hydro Nepal Limited,Mountain Hydro Nepal Limited,Hydro Power,Equity,Nepal Hydropower Board,A,2026-08-09
MIDBL,Mission Development Bank Ltd.,Mission Development Bank Ltd.,Development Banks,Equity,Nepal Rastra Bank,D,2026-08-09
MKCL,Muktinath Krishi Company Limited,Muktinath Krishi Company Limited,Others,Equity,,A,2026-08-09
MKHC,Maya Khola Hydropower Company Limited,Maya Khola Hydropower Company Limited,Hydro Power,Equity,Nepal Hydropower Board,A,2026-08-09
MKHL,MaiKhola Hydropower Limited,Mai Khola Hydropower Limited,Hydro Power,Equity,Nepal Hydropower Board,A,2026-08-09
MKJC,Mailung Khola Jal Vidhyut Company Limited,Mailung Khola Jal Vidhyut Company Limited,Hydro Power,Equity,Nepal Hydropower Board,A,2026-08-09
MKLB,Manakamana Smart Laghubitta Bittiya Sanstha Limited,Manakamana Smart Laghubitta Bittiya Sanstha Limited,Microfinance,Equity,Nepal Rastra Bank,D,2026-08-09
MLBBL,Mithila LaghuBitta Bittiya Sanstha Limited,Mithila LaghuBitta Bittiya Sanstha Limited,Microfinance,Equity,Nepal Rastra Bank,A,2026-08-09
MLBL,Mahalaxmi Bikas Bank Ltd.,Mahalaxmi Bikas Bank Ltd.,Development Banks,Equity,Nepal Rastra Bank,A,2026-08-09
MLBL1,Mahalaxmi BikasBank Limited,Mahalaxmi BikasBank Limited,Development Banks,Equity,Nepal Rastra Bank,D,2026-08-09
MLBLD89,Mahalaxmi Bikas Bank Ltd.,11% Mahalaxmi Debenture 2089,Development Banks,Non-Convertible Debentures,Nepal Rastra Bank,A,2026-08-09
MLBS,Manushi Laghubitta Bittiya Sanstha Limited,Manushi Laghubitta Bittiya Sanstha Limited,Microfinance,Equity,Nepal Rastra Bank,A,2026-08-09
MLBSL,Mahila Laghubitta Bittiya Sanstha Ltd,Mahila Lagubitta Bittiya Sanstha Limited ,Microfinance,Equity,Nepal Rastra Bank,A,2026-08-09
MMDBL,Mount Makalu Development Bank Ltd.,Mount Makalu Development Bank Ltd.,Development Banks,Equity,Nepal Rastra Bank,D,2026-08-09
MMF1,Mega  Bank Nepal Ltd.,Mega Mutual Fund -1,Commercial Banks,Mutual Funds,Nepal Rastra Bank,A,2026-08-09
MMFDB,Mirmire Laghubitta Bittya Sanstha Limited,Mirmire Laghubitta Bittya Sanstha Limited,Microfinance,Equity,Nepal Rastra Bank,D,2026-08-09
MMKJL,Mathillo Mailun Khola Jalvidhyut Ltd.,Mathillo Mailun Khola Jalvidhyut Limited,Hydro Power,Equity,Nepal Hydropower Board,A,2026-08-09
MNBBL,Muktinath Bikas Bank Ltd.,Muktinath Bikas Bank Ltd.,Development Banks,Equity,Nepal Rastra Bank,A,2026-08-09
MND84/85,Muktinath Bikas Bank Ltd.,Muktinath Debenture 2084/85,Development Banks,Non-Convertible Debentures,Nepal Rastra Bank,A,2026-08-09
MNMF1,Muktinath Bikas Bank Ltd.,Muktinath Mutual Fund 1,Development Banks,Mutual Funds,Nepal Rastra Bank,A,2026-08-09
MPFL,Multipurpose Finance Company  Limited,Multipurpose Finance Company  Limited,Finance,Equity,Nepal Rastra Bank,A,2026-08-09
MSBBL,Manaslu Bikas Bank Ltd.,Manaslu Bikas Bank Ltd.,Development Banks,Equity,Nepal Rastra Bank,D,2026-08-09
MSHL,Mid solu Hydropower Limited,Mid Solu Hydropower Limited,Hydro Power,Equity,Nepal Hydropower Board,A,2026-08-09
MSLB,Mahuli Laghubitta Bittiya Sanstha Limited,Mahuli Laghubitta Bittiya Sanstha Limited,Microfinance,Equity,Nepal Rastra Bank,A,2026-08-09
MSM,Morang Sugar Mills Limited,Morang Sugar Mills Limited,Manufacturing And Processing,Equity,Department of Industry,D,2026-08-09
MSMBS,Mahila Sahayatra Microfinance Bittiya Sanstha Ltd.,Mahila Sahayatra Microfinance Bittiya Sanstha Ltd.,Microfinance,Equity,Nepal Rastra Bank,D,2026-08-09
MTBL,Matribhumi Development Bank Ltd.,Matribhumi Development Bank Ltd.,Development Banks,Equity,Nepal Rastra Bank,D,2026-08-09
NABB,Nepal Aawas Finance Limited,Nepal Aawas Finance Limited,Finance,Equity,Nepal Rastra Bank,D,2026-08-09
NABBC,Narayani Development Bank Limited,Narayani Development Bank Limited,Development Banks,Equity,Nepal Rastra Bank,A,2026-08-09
NABIL,Nabil Bank Limited,Nabil Bank Limited,Commercial Banks,Equity,Nepal Rastra Bank,A,2026-08-09
NABILD2089,Nabil Bank Limited,7% Nabil Debenture 2089,Commercial Banks,Non-Convertible Debentures,Nepal Rastra Bank,A,2026-08-09
NABILD87,Nabil Bank Limited,9% Nabil Debenture 2087,Commercial Banks,Non-Convertible Debentures,Nepal Rastra Bank,A,2026-08-09
NABILPNP,Nabil Bank Limited,Nabil 8% Perpetual Non Cumulative Preference Share,Commercial Banks,Preference Shares,Nepal Rastra Bank,A,2026-08-09
NADEP,Nadep Laghubittiya bittya Sanstha Ltd.,Nadep Laghubittiya bittya Sanstha Ltd.,Microfinance,Equity,Nepal Rastra Bank,A,2026-08-09
NAGRO,Nepal Agro Laghubitta Bittiya Sanstha Ltd.,Nepal Agro Laghubitta Bittiya Sanstha Limited,Microfinance,Equity,Nepal Rastra Bank,D,2026-08-09
NBB,Nepal Bangladesh Bank Limited,Nepal Bangladesh Bank Limited,Commercial Banks,Equity,Nepal Rastra Bank,D,2026-08-09
NBBD2085,Nepal Bangladesh Bank Limited,10.25% NBBL Debenture 2085,Commercial Banks,Non-Convertible Debentures,Nepal Rastra Bank,A,2026-08-09
NBBL,NagBeli LaghuBitta Bikas Bank Ltd.,NagBeli LaghuBitta Bikas Bank Ltd.,Microfinance,Equity,Nepal Rastra Bank,D,2026-08-09
NBBU,Nepal Bitumin And Barrel Udhyog Limited,Nepal Bitumin And Barrel Udhyog Limited,Manufacturing And Processing,Equity,Department of Industry,S,2026-08-09
NBCK,Nepal Byapar Bikash Company(Koshi) Limited,Nepal Byapar Bikash Company(Koshi) Limited,Tradings,Equity,Department of Industry,D,2026-08-09
NBF1,Nabil Bank Limited,Nabil Balance Fund 1,Commercial Banks,Mutual Funds,Nepal Rastra Bank,D,2026-08-09
NBF2,Nabil Bank Limited,NABIL BALANCED FUND-2,Commercial Banks,Mutual Funds,Nepal Rastra Bank,A,2026-08-09
NBF3,Nabil Bank Limited,Nabil Balanced Fund-3,Commercial Banks,Mutual Funds,Nepal Rastra Bank,A,2026-08-09
NBFL,Nepal Bangladesh Finance & Leasing Co. Ltd.,Nepal Bangladesh Finance & Leasing Co. Ltd.,Finance,Equity,Nepal Rastra Bank,D,2026-08-09
NBL,Nepal Bank Limited,Nepal Bank Limited,Commercial Banks,Equity,Nepal Rastra Bank,A,2026-08-09
NBLD82,Nabil Bank Limited,10% Nabil Debenture 2082,Commercial Banks,Non-Convertible Debentures,Nepal Rastra Bank,A,2026-08-09
NBLD85,Nabil Bank Limited,Nabil Debenture 2085,Commercial Banks,Non-Convertible Debentures,Nepal Rastra Bank,A,2026-08-09
NBLD87,Nepal Bank Limited,8.5% Nepal Bank Debenture 2087,Commercial Banks,Non-Convertible Debentures,Nepal Rastra Bank,A,2026-08-09
NBSL,Namaste Bittiya Sanstha Ltd.,Namaste Bittiya Sanstha Ltd.,Finance,Equity,Nepal Rastra Bank,D,2026-08-09
NCCB,Nepal Credit And Commercial Bank Limited,Nepal Credit And Commercial Bank Limited,Commercial Banks,Equity,Nepal Rastra Bank,D,2026-08-09
NCCD86,Nepal Credit And Commercial Bank Limited,9.5% NCC Debenture 2086,Commercial Banks,Non-Convertible Debentures,Nepal Rastra Bank,A,2026-08-09
NCDB,Nepal Community Development Bank Ltd.,Nepal Community Development Bank Ltd.,Development Banks,Equity,Nepal Rastra Bank,D,2026-08-09
NCDBL,Nepal Consumer Development Bank Ltd.,Nepal Consumer Development Bank Ltd.,Development Banks,Equity,Nepal Rastra Bank,D,2026-08-09
NCM,NIDC Capital Markets Ltd.,NIDC Capital Markets Ltd.,Finance,Equity,Nepal Rastra Bank,D,2026-08-09
NCMMF,NIDC Capital Markets Ltd.,NCM Mutual Fund,Finance,Mutual Funds,Nepal Rastra Bank,D,2026-08-09
NDB,Nepal Development Bank Limited,Nepal Development Bank Limited,Development Banks,Equity,Nepal Rastra Bank,D,2026-08-09
NDFL,Nava Durga Finance Co. Ltd.,Nava Durga Finance Co. Ltd.,Finance,Equity,Nepal Rastra Bank,D,2026-08-09
NEF,Nabil Bank Limited,Nabil Equity Fund,Commercial Banks,Mutual Funds,Nepal Rastra Bank,D,2026-08-09
NEFL,Nepal Express Finance Ltd.,Nepal Express Finance Ltd.,Finance,Equity,Nepal Rastra Bank,D,2026-08-09
NESDO,NESDO Sambridha Laghubitta Bittiya Sanstha Limited,NESDO Sambridha Laghubitta Bittiya Sanstha Limited,Microfinance,Equity,Nepal Rastra Bank,A,2026-08-09
NFD,Nepal Film Development Company Limited,Nepal Film Development Company Limited,Others,Equity,,S,2026-08-09
NFL,Narayani Finance Ltd.,Narayani Finance Ltd.,Finance,Equity,Nepal Rastra Bank,D,2026-08-09
NFS,Nepal Finance Ltd.,Nepal Finance Ltd.,Finance,Equity,Nepal Rastra Bank,A,2026-08-09
NGBL,Nilgiri Bikas Bank Limited,Nilgiri Bikas Bank Limited,Development Banks,Equity,Nepal Rastra Bank,D,2026-08-09
NGPL,Ngadi Group Power Ltd.,Ngadi Group Power Ltd.,Hydro Power,Equity,Nepal Hydropower Board,A,2026-08-09
NHDL,Nepal Hydro Developers Ltd,Nepal Hydro Developers Ltd.,Hydro Power,Equity,Nepal Hydropower Board,A,2026-08-09
NHMF,Nepal Housing & Merchant Finance Ltd.,Nepal Housing & Merchant Finance Ltd.,Finance,Equity,Nepal Rastra Bank,D,2026-08-09
NHPC,National Hydro Power Company Limited,National Hydro Power Company Limited,Hydro Power,Equity,Nepal Hydropower Board,A,2026-08-09
NIBD2082,Nepal Investment Mega Bank Limited,10.5 % NEPAL INVESTMENT DEBENTURE 2082,Commercial Banks,Non-Convertible Debentures,Nepal Rastra Bank,D,2026-08-09
NIBD84,Nepal Investment Mega Bank Limited,8.5% Nepal Investment Bank Debenture 2084,Commercial Banks,Non-Convertible Debentures,Nepal Rastra Bank,A,2026-08-09
NIBLGF,NIBL Growth Fund,NIBL Growth Fund,Mutual Fund,Mutual Funds,Nepal Rastra Bank,A,2026-08-09
NIBLPF,Nepal Investment Mega Bank Limited,NIBL Pragati Fund,Commercial Banks,Mutual Funds,Nepal Rastra Bank,D,2026-08-09
NIBLSTF,Nepal Investment Mega Bank Limited,NIBL Stable Fund,Commercial Banks,Mutual Funds,Nepal Rastra Bank,A,2026-08-09
NIBSF1,Nepal Investment Mega Bank Limited,NIBL Samriddhi Fund 1,Commercial Banks,Mutual Funds,Nepal Rastra Bank,D,2026-08-09
NIBSF2,Nepal Investment Mega Bank Limited,NIBL Samriddhi Fund -2,Commercial Banks,Mutual Funds,Nepal Rastra Bank,A,2026-08-09
NICA,NIC Asia Bank Ltd.,NIC Asia Bank Ltd.,Commercial Banks,Equity,Nepal Rastra Bank,A,2026-08-09
NICAD2091,NIC Asia Bank Ltd.,7% NIC ASIA Debenture 2091,Commercial Banks,Non-Convertible Debentures,Nepal Rastra Bank,A,2026-08-09
NICAD8182,NIC Asia Bank Ltd.,9% NIC Asia Debenture 2081/82,Commercial Banks,Non-Convertible Debentures,Nepal Rastra Bank,D,2026-08-09
NICAD8283,NIC Asia Bank Ltd.,11% NIC Asia Debenture 082/83,Commercial Banks,Non-Convertible Debentures,Nepal Rastra Bank,D,2026-08-09
NICAD85/86,NIC Asia Bank Ltd.,10% NIC Asia Debenture 2085/86,Commercial Banks,Non-Convertible Debentures,Nepal Rastra Bank,A,2026-08-09
NICBF,NIC ASIA Capital Ltd,NIC Asia Balanced Fund,Mutual Fund,Mutual Funds,Nepal Rastra Bank,A,2026-08-09
NICD83/84,NIC Asia Bank Ltd.,10.25% NIC Asia Debenture 2083/84,Commercial Banks,Non-Convertible Debentures,Nepal Rastra Bank,A,2026-08-09
NICD88,NIC Asia Bank Ltd.,NIC ASIA Rinpatra 2088,Commercial Banks,Non-Convertible Debentures,Nepal Rastra Bank,A,2026-08-09
NICFC,NIC Asia Bank Ltd.,NIC Asia Flexi CAP Fund,Commercial Banks,Mutual Funds,Nepal Rastra Bank,A,2026-08-09
NICGF,NIC Asia Bank Ltd.,NIC Asia Growth Fund,Commercial Banks,Mutual Funds,Nepal Rastra Bank,D,2026-08-09
NICGF2,NIC Asia Bank Ltd.,NIC ASIA Growth Fund-2,Commercial Banks,Mutual Funds,Nepal Rastra Bank,A,2026-08-09
NICL,Nepal Insurance Co. Ltd.,Nepal Insurance Co. Ltd.,Non Life Insurance,Equity,Nepal Insurance Board,A,2026-08-09
NICLBSL,NIC ASIA Laghubitta Bittiya Sanstha Limited,NIC ASIA Laghubitta Bittiya Sanstha Limited,Microfinance,Equity,Nepal Rastra Bank,A,2026-08-09
NICSF,NIC ASIA Capital Ltd,NIC Asia Select Fund 30,Mutual Fund,Mutual Funds,Nepal Rastra Bank,A,2026-08-09
NIDC,NIDC Development Bank Ltd.,NIDC Development Bank Ltd.,Development Banks,Equity,Nepal Rastra Bank,D,2026-08-09
NIFRA,Nepal Infrastructure Bank Limited,Nepal Infrastructure Bank Limited,Investment,Equity,Nepal Rastra Bank,A,2026-08-09
NIFRAGED,Nepal Infrastructure Bank Limited,Nifra Green Energy Debenture 6% - 2088/89,Investment,Non-Convertible Debentures,Nepal Rastra Bank,A,2026-08-09
NIFRAUR85/86,Nepal Infrastructure Bank Limited,NIFRA Uraj Rinpatra7%-2085/86,Investment,Non-Convertible Debentures,Nepal Rastra Bank,A,2026-08-09
NIL,Neco Insurance Limited,Neco Insurance Limited,Non Life Insurance,Equity,Nepal Insurance Board,A,2026-08-09
NIMB,Nepal Investment Mega Bank Limited,Nepal Investment Mega Bank Limited,Commercial Banks,Equity,Nepal Rastra Bank,A,2026-08-09
NIMBD90,Nepal Investment Mega Bank Limited,10% NIMB Debenture 2090,Commercial Banks,Non-Convertible Debentures,Nepal Rastra Bank,A,2026-08-09
NKU,Nepal Khadya Udhyog Limited,Nepal Khadya Udhyog Limited,Manufacturing And Processing,Equity,Department of Industry,S,2026-08-09
NLG,NLG Insurance Company Ltd.,NLG Insurance Company Ltd.,Non Life Insurance,Equity,Nepal Insurance Board,A,2026-08-09
NLIC,NEPAL LIFE INSURANCE COMPANY LIMITED,Nepal Life Insurance Co. Ltd.,Life Insurance,Equity,Nepal Insurance Board,A,2026-08-09
NLICL,National Life Insurance Co. Ltd.,National Life Insurance Co. Ltd.,Life Insurance,Equity,Nepal Insurance Board,A,2026-08-09
NLO,Nepal Lube Oil Limited,Nepal Lube Oil Limited,Manufacturing And Processing,Equity,Department of Industry,A,2026-08-09
NMB,NMB Bank Limited,NMB Bank Limited,Commercial Banks,Equity,Nepal Rastra Bank,A,2026-08-09
NMB50,NMB Capital Ltd.,NMB 50,Mutual Fund,Mutual Funds,Nepal Rastra Bank,A,2026-08-09
NMBD2085,NMB Bank Limited,10 % NMB DEBENTURE 2085,Commercial Banks,Non-Convertible Debentures,Nepal Rastra Bank,A,2026-08-09
NMBD87/88,NMB Bank Limited,NMB Debenture 8.50% - 2087/88,Commercial Banks,Non-Convertible Debentures,Nepal Rastra Bank,A,2026-08-09
NMBD89/90,NMB Bank Limited,NMB Debenture 10.75%-2089/90,Commercial Banks,Non-Convertible Debentures,Nepal Rastra Bank,A,2026-08-09
NMBEB92/93,NMB Bank Limited,NMB Energy Bond 4% - 2092/93,Commercial Banks,Non-Convertible Debentures,Nepal Rastra Bank,A,2026-08-09
NMBHF1,NMB Bank Limited,NMB Hybrid Fund L-1,Commercial Banks,Mutual Funds,Nepal Rastra Bank,D,2026-08-09
NMBHF2,NMB Bank Limited,NMB Hybrid Fund L- II,Commercial Banks,Mutual Funds,Nepal Rastra Bank,A,2026-08-09
NMBMF,NMB  Microfinance Bittiya Sanstha Ltd.,NMB  Microfinance Bittiya Sanstha Ltd.,Microfinance,Equity,Nepal Rastra Bank,A,2026-08-09
NMBPNP,NMB Bank Limited,NMB Perpetual Non Cumulative Preference Share-2081/82-8.25%,Commercial Banks,Preference Shares,Nepal Rastra Bank,A,2026-08-09
NMBSF1,NMB Bank Limited,NMB Sulav Investment Fund-1,Commercial Banks,Mutual Funds,Nepal Rastra Bank,D,2026-08-09
NMBUR93/94,NMB Bank Limited,NMB Energy Bond 4% - 2093/94 ,Commercial Banks,Non-Convertible Debentures,Nepal Rastra Bank,A,2026-08-09
NMFBS,National  Laghubitta Bittiya Sanstha Limited,National Laghubitta Bittiya Sanstha Limited,Microfinance,Equity,Nepal Rastra Bank,A,2026-08-09
NMIC,Nepal Micro Insurance Company Limited,Nepal Micro Insurance Company Limited,Non Life Insurance,Equity,Nepal Insurance Board,A,2026-08-09
NMLBBL,Nerude Mirmire Laghubitta Bittiya Sanstha Ltd.,Nerude Mirmire Laghubitta Bittiya Sanstha Limited,Microfinance,Equity,Nepal Rastra Bank,A,2026-08-09
NNFC,Narayani National Finance Limited,Narayani National Finance Limited,Finance,Equity,Nepal Rastra Bank,D,2026-08-09
NRIC,Nepal Reinsurance Company Limited,Nepal Reinsurance Company Limited,Others,Equity,,A,2026-08-09
NRM,Nepal Republic Media Ltd,Nepal Republic Media Limited,Others,Equity,,A,2026-08-09
NRN,NRN Infrastructure and Development Limited,NRN Infrastructure and Development Limited,Investment,Equity,Nepal Rastra Bank,A,2026-08-09
NSIF2,NMB Capital Ltd.,NMB Sulav Investment Fund - 2,Mutual Fund,Mutual Funds,Nepal Rastra Bank,A,2026-08-09
NSLB,Naya Sarathi Laghubitta Bittiya Sanstha Limited,Naya Sarathi Laghubitta Bittiya Sanstha Limited,Microfinance,Equity,Nepal Rastra Bank,D,2026-08-09
NSLMB,Nepal Shree Lanka Merchant Banking & Finance Ltd,Nepal Shree Lanka Merchant Banking & Finance Ltd,Finance,Equity,Nepal Rastra Bank,D,2026-08-09
NSM,Nepal Share Markets Ltd.,Nepal Share Markets Ltd.,Finance,Equity,Nepal Rastra Bank,S,2026-08-09
NSY,NEPAL LIFE INSURANCE COMPANY LIMITED,Nepal Life Samriddhi Lagani Yojana,Life Insurance,Mutual Funds,Nepal Insurance Board,A,2026-08-09
NTC,Nepal Doorsanchar Company Limited,Nepal Doorsanchar Company Limited,Others,Equity,,A,2026-08-09
NTL,Nepal Tading Limited,Nepal Tading Limited,Tradings,Equity,Department of Industry,S,2026-08-09
NUBL,Nirdhan Utthan Laghubitta Bittiya Sanstha Limited,Nirdhan Utthan Laghubitta Bittiya Sanstha Limited,Microfinance,Equity,Nepal Rastra Bank,A,2026-08-09
NVG,Nepal Vanaspati Ghee Udhyog Limited,Nepal Vanaspati Ghee Udhyog Limited,Manufacturing And Processing,Equity,Department of Industry,S,2026-08-09
NWC,Nepal Welfare Company Limited,Nepal Welfare Company Limited,Tradings,Equity,Department of Industry,S,2026-08-09
NWCL,Nepal Warehousing Company Limited,Nepal Warehousing Company Limited ,Others,Equity,,A,2026-08-09
NYADI,Nyadi hydropower limited,Nyadi Hydropower Limited,Hydro Power,Equity,Nepal Hydropower Board,A,2026-08-09
ODBL,Om Development Bank Ltd.,Om Development Bank Ltd.,Development Banks,Equity,Nepal Rastra Bank,D,2026-08-09
OFL,Om Finance Ltd.,Om Finance Ltd.,Finance,Equity,Nepal Rastra Bank,D,2026-08-09
OHL,Oriental Hotels Limited,Oriental Hotels Limited,Hotels And Tourism,Equity,Ministry of Tourism,A,2026-08-09
OMPL,Om Megashree Pharmaceuticals Limited,Om Megashree Pharmaceuticals Limited,Manufacturing And Processing,Equity,Department of Industry,A,2026-08-09
PADBL,Pacific Development Bank Limited,Pacific Development Bank Limited,Development Banks,Equity,Nepal Rastra Bank,D,2026-08-09
PBD84,Prime Commercial Bank Ltd.,10.15% Prime Debenture 2084,Commercial Banks,Non-Convertible Debentures,Nepal Rastra Bank,A,2026-08-09
PBD85,Prime Commercial Bank Ltd.,8.75 % Prime Debenture 2085,Commercial Banks,Non-Convertible Debentures,Nepal Rastra Bank,A,2026-08-09
PBD88,Prime Commercial Bank Ltd.,10% Prime Debenture 2088,Commercial Banks,Non-Convertible Debentures,Nepal Rastra Bank,A,2026-08-09
PBLD84,Prabhu  Bank Limited,10% Prabhu Bank Debenture 2084 ,Commercial Banks,Non-Convertible Debentures,Nepal Rastra Bank,A,2026-08-09
PBLD86,Prabhu  Bank Limited,10.25% Prabhu Bank  Debenture 2086,Commercial Banks,Non-Convertible Debentures,Nepal Rastra Bank,A,2026-08-09
PBLD87,Prabhu  Bank Limited,8.5% Prabhu Bank Debenture 2087,Commercial Banks,Non-Convertible Debentures,Nepal Rastra Bank,A,2026-08-09
PBSL,Pathibhara Bikas Bank Limited,Pathibhara Bikas Bank Limited,Development Banks,Equity,Nepal Rastra Bank,D,2026-08-09
PCBL,Prime Commercial Bank Ltd.,Prime Commercial Bank Ltd.,Commercial Banks,Equity,Nepal Rastra Bank,A,2026-08-09
PCIL,Palpa Cement Industries Limited,Palpa Cement Industries Limited,Manufacturing And Processing,Equity,Department of Industry,A,2026-08-09
PDB,Public Development Bank Limited,Public Development Bank Limited,Development Banks,Equity,Nepal Rastra Bank,D,2026-08-09
PDBL,Paschimanchal Bikash Bank Limited,Paschimanchal Bikash Bank Limited,Development Banks,Equity,Nepal Rastra Bank,D,2026-08-09
PFC,Paschimanchal Finance Co. Ltd.,Paschimanchal Finance Co. Ltd.,Finance,Equity,Nepal Rastra Bank,D,2026-08-09
PFCL,Peoples Finance Ltd.,Peoples Finance Ltd.,Finance,Equity,Nepal Rastra Bank,D,2026-08-09
PFCLL,Premier Finance Co. Ltd.,Premier Finance Co. Ltd.,Finance,Equity,Nepal Rastra Bank,D,2026-08-09
PFIL,Prudential Finance Company Limited,Prudential Finance Company Limited,Finance,Equity,Nepal Rastra Bank,D,2026-08-09
PFL,Pokhara Finance Ltd.,Pokhara Finance Ltd.,Finance,Equity,Nepal Rastra Bank,S,2026-08-09
PFLBS,Patan Finance Limited,Patan Finance Limited,Finance,Equity,Nepal Rastra Bank,D,2026-08-09
PGBL,Purwanchal Grameen Bikash Bank Limited,Purwanchal Grameen Bikash Bank Limited,Development Banks,Equity,Nepal Rastra Bank,D,2026-08-09
PHCL,Peoples Hydropower Company Limited,Peoples Hydropower Company Limited,Hydro Power,Equity,Nepal Hydropower Board,A,2026-08-09
PICL,Prudential Insurance Co. Ltd.,Prudential Insurance Co. Ltd.,Non Life Insurance,Equity,Nepal Insurance Board,D,2026-08-09
PMHPL,Panchakanya Mai Hydropower Ltd,Panchakanya Mai Hydropower Ltd,Hydro Power,Equity,Nepal Hydropower Board,A,2026-08-09
PMLI,Prabhu Mahalaxmi Life Insurance Limited,Prabhu Mahalaxmi Life Insurance Limited,Life Insurance,Equity,Nepal Insurance Board,A,2026-08-09
PPCL,Panchthar Power Company Ltd,Panchthar Power Compant Limited,Hydro Power,Equity,Nepal Hydropower Board,A,2026-08-09
PPL,Peoples Power Limited,People's Power Limited,Hydro Power,Equity,Nepal Hydropower Board,A,2026-08-09
PRBBL,Prabhu Bikas Bank Limited,Prabhu Bikas Bank Limited,Development Banks,Equity,Nepal Rastra Bank,D,2026-08-09
PRBL,Professional Bikas Bank Ltd.,Professional Bikas Bank Ltd.,Development Banks,Equity,Nepal Rastra Bank,D,2026-08-09
PRDBL,Professional Diyalo Bikas Bank Ltd.,Professional Diyalo Bikas Bank Ltd.,Development Banks,Equity,Nepal Rastra Bank,D,2026-08-09
PRIN,Prabhu Insurance Limited,Prabhu Insurance Ltd.,Non Life Insurance,Equity,Nepal Insurance Board,A,2026-08-09
PROFL,Progressive Finance Limited,Progressive Finance Limited,Finance,Equity,Nepal Rastra Bank,A,2026-08-09
PRSF,Prabhu Capital Limited,Prabhu Smart Fund,Mutual Fund,Mutual Funds,Nepal Rastra Bank,A,2026-08-09
PRVU,Prabhu  Bank Limited,Prabhu  Bank Limited,Commercial Banks,Equity,Nepal Rastra Bank,A,2026-08-09
PSF,Prabhu  Bank Limited,Prabhu Select Fund,Commercial Banks,Mutual Funds,Nepal Rastra Bank,A,2026-08-09
PURBL,Purnima Bikas Bank Ltd.,Purnima Bikas Bank Ltd.,Development Banks,Equity,Nepal Rastra Bank,D,2026-08-09
PURE,Pure Energy Limited,Pure Energy Limited,Others,Equity,,A,2026-08-09
RADHI,Radhi Bidyut Company Ltd,Radhi Bidyut Company Ltd,Hydro Power,Equity,Nepal Hydropower Board,A,2026-08-09
RARA,Rara Bikas Bank Limited,Rara Bikas Bank Limited,Development Banks,Equity,Nepal Rastra Bank,D,2026-08-09
RAWA,Rawa Energy Development Ltd.,Rawa Energy Development Limited,Hydro Power,Equity,Nepal Hydropower Board,A,2026-08-09
RBBBL,Raptibheri Bikas Bank Ltd.,Raptibheri Bikas Bank Ltd.,Development Banks,Equity,Nepal Rastra Bank,D,2026-08-09
RBBD2088,Rastriya Banijya Bank,7% RBBL Debenture 2088,Commercial Banks,Non-Convertible Debentures,Nepal Rastra Bank,A,2026-08-09
RBBD83,Rastriya Banijya Bank,8.5% RBBL Debenture 2083,Commercial Banks,Non-Convertible Debentures,Nepal Rastra Bank,A,2026-08-09
RBBF40,RBB Merchant Banking Limited,RBB Focus 40,Mutual Fund,Mutual Funds,Nepal Rastra Bank,A,2026-08-09
RBCL,Rastriya Beema Company Limited,Rastriya Beema Company Limited,Non Life Insurance,Equity,Nepal Insurance Board,A,2026-08-09
RBSL,Resunga Bikas Bank Limited,Resunga Bikas Bank Limited,Development Banks,Equity,Nepal Rastra Bank,D,2026-08-09
RDBL,Rising Development Bank Ltd.,Rising Development Bank Ltd.,Development Banks,Equity,Nepal Rastra Bank,D,2026-08-09
REDBL,Reliable Development Bank Limited,Reliable Development Bank Limited,Development Banks,Equity,Nepal Rastra Bank,D,2026-08-09
RFPL,River Falls power Limited,River Falls Power Limited,Hydro Power,Equity,Nepal Hydropower Board,A,2026-08-09
RHGCL,Rapti Hydro and General Construction Limited,Rapti Hydro And General Construction Limited,Hydro Power,Equity,Nepal Hydropower Board,A,2026-08-09
RHPL,Rasuwagadhi Hydropower Company Limited,RASUWAGADHI HYDROPOWER COMPANY LIMITED,Hydro Power,Equity,Nepal Hydropower Board,A,2026-08-09
RIDI,Ridi Power Company Limited,Ridi Power Company Limited,Hydro Power,Equity,Nepal Hydropower Board,A,2026-08-09
RJM,Raghupati Jute Mills Limited,Raghupati Jute Mills Limited,Manufacturing And Processing,Equity,Department of Industry,S,2026-08-09
RLEL,RIDGE LINE ENERGY LIMITED,Ridge Line Energy Limited,Hydro Power,Equity,Nepal Hydropower Board,A,2026-08-09
RLFL,Reliance Finance Ltd.,Reliance Finance Ltd.,Finance,Equity,Nepal Rastra Bank,A,2026-08-09
RLI,Reliance Life Insurance Limited,Reliance Life Insurance Limited,Life Insurance,Equity,Nepal Insurance Board,D,2026-08-09
RMDC,RMDC Laghubitta Bittiya Sanstha Ltd.,RMDC Laghubitta Bittiya Sanstha Ltd.,Microfinance,Equity,Nepal Rastra Bank,D,2026-08-09
RMF1,RBB Merchant Banking Limited,RBB Mutual Fund 1,Mutual Fund,Mutual Funds,Nepal Rastra Bank,A,2026-08-09
RMF2,RBB Merchant Banking Limited,RBB Mutual Fund 2,Mutual Fund,Mutual Funds,Nepal Rastra Bank,A,2026-08-09
RNLI,Reliable Nepal Life Insurance Ltd,Reliable Nepal Life Insurance Limited,Life Insurance,Equity,Nepal Insurance Board,A,2026-08-09
RRHP,Rairang Hydropower Development Company Ltd.,Rairang Hydropower Development Company Ltd.,Hydro Power,Equity,Nepal Hydropower Board,D,2026-08-09
RSDC,RSDC Laghubitta Bittiya Sanstha Ltd.,RSDC Laghubitta Bittiya Sanstha Ltd.,Microfinance,Equity,Nepal Rastra Bank,A,2026-08-09
RSML,Reliance Spinning Mills Limited,Reliance Spinning Mills Limited,Manufacturing And Processing,Equity,Department of Industry,A,2026-08-09
RSY,Reliable Nepal Life Insurance Ltd,Reliable Samriddhi Yojana,Life Insurance,Mutual Funds,Nepal Insurance Board,A,2026-08-09
RSY2,Reliable Nepal Life Insurance Ltd,Reliable Samriddhi Yojana -2,Life Insurance,Mutual Funds,Nepal Insurance Board,A,2026-08-09
RULB,Rastra Utthan Laghubitta Sanstha Limited,Rastra Utthan Laghubitta Sanstha Limited,Microfinance,Equity,Nepal Rastra Bank,D,2026-08-09
RURU,Ru Ru Jalbidhyut  Pariyojana Ltd.,Ru Ru Jalbidhyut Pariyojana Limited,Hydro Power,Equity,Nepal Hydropower Board,A,2026-08-09
SABBL,Salapa Bikas Bank Limited,Salapa Bikas Bank Limited,Development Banks,Equity,Nepal Rastra Bank,A,2026-08-09
SABSL,Sabaiko Laghubitta Bittiya Sanstha Limited,Sabaiko Laghubitta Bittiya Sanstha Limited,Microfinance,Equity,Nepal Rastra Bank,D,2026-08-09
SADBL,SHANGRI-LA DEVELOPMENT BANK LIMITED,Shangrila Development Bank Ltd.,Development Banks,Equity,Nepal Rastra Bank,A,2026-08-09
SAEF,Sanima Bank Limited,Sanima Equity Fund,Commercial Banks,Mutual Funds,Nepal Rastra Bank,D,2026-08-09
SAEF2,Sanima Bank Limited,Sanima Equity Fund-2,Commercial Banks,Mutual Funds,Nepal Rastra Bank,A,2026-08-09
SAFL,Sagarmatha  Finance Limited,Sagarmatha  Finance Limited,Finance,Equity,Nepal Rastra Bank,D,2026-08-09
SAGAR,Sagar Distillery Limited,Sagar Distillery Limited,Manufacturing And Processing,Equity,Department of Industry,A,2026-08-09
SAGF,Sanima Growth Fund,Sanima Growth Fund,Mutual Fund,Mutual Funds,Nepal Rastra Bank,A,2026-08-09
SAHAS,Sahas Urja Limited,Sahas Urja Limited,Hydro Power,Equity,Nepal Hydropower Board,A,2026-08-09
SAIL,SHREENAGAR AGRITECH INDUSTRIES LIMITED,Shreenagar Agritech Industries Limited,Manufacturing And Processing,Equity,Department of Industry,A,2026-08-09
SAJHA,Sajha Bikas Bank Ltd.,Sajha Bikas Bank Ltd.,Development Banks,Equity,Nepal Rastra Bank,D,2026-08-09
SALICO,Sagarmatha Lumbini Insurance Co. Limited,Sagarmatha Lumbini Insurance Co. Limited,Non Life Insurance,Equity,Nepal Insurance Board,A,2026-08-09
SAMAJ,Samaj Laghubitta Bittiya Sanstha Ltd,Samaj Laghubittya Bittiya Sanstha Limited,Microfinance,Equity,Nepal Rastra Bank,D,2026-08-09
SAND2085,Sanima Bank Limited,10% Sanima Bank Limited Debenture,Commercial Banks,Non-Convertible Debentures,Nepal Rastra Bank,A,2026-08-09
SANIMA,Sanima Bank Limited,Sanima Bank Limited,Commercial Banks,Equity,Nepal Rastra Bank,A,2026-08-09
SANIMAPNP,Sanima Bank Limited,8.25% Sanima Perpetual Non Cumulative Preference Share,Commercial Banks,Preference Shares,Nepal Rastra Bank,A,2026-08-09
SANVI,Sanvi Energy Limited,Sanvi Energy Limited,Hydro Power,Equity,Nepal Hydropower Board,A,2026-08-09
SAPDBL,Saptakoshi Development bank Ltd,Saptakoshi Development Bank Ltd,Development Banks,Equity,Nepal Rastra Bank,A,2026-08-09
SARBTM,Sarbottam Cement Limited,Sarbottam Cement Limited,Manufacturing And Processing,Equity,Department of Industry,A,2026-08-09
SBBLJ,Sahayogi Bikas Bank Limited,Sahayogi Bikas Bank Limited,Development Banks,Equity,Nepal Rastra Bank,D,2026-08-09
SBCF,Sunrise Bank Limited,Sunrise Bluechip Fund,Commercial Banks,Mutual Funds,Nepal Rastra Bank,A,2026-08-09
SBD87,Sanima Bank Limited,8.5% Sanima Debenture 2087,Commercial Banks,Non-Convertible Debentures,Nepal Rastra Bank,A,2026-08-09
SBD89,Sanima Bank Limited,10.25% Sanima Debenture 2089,Commercial Banks,Non-Convertible Debentures,Nepal Rastra Bank,A,2026-08-09
SBI,Nepal SBI Bank Limited,Nepal SBI Bank Limited,Commercial Banks,Equity,Nepal Rastra Bank,A,2026-08-09
SBIBD86,Nepal SBI Bank Limited,10% Nepal SBI Bank Debenture 2086,Commercial Banks,Non-Convertible Debentures,Nepal Rastra Bank,A,2026-08-09
SBID2090,Nepal SBI Bank Limited,7% Nepal SBI Bank Debenture 2090,Commercial Banks,Non-Convertible Debentures,Nepal Rastra Bank,A,2026-08-09
SBID83,Nepal SBI Bank Limited,10.25% Nepal SBI Bank Debenture 2083,Commercial Banks,Non-Convertible Debentures,Nepal Rastra Bank,A,2026-08-09
SBID89,Nepal SBI Bank Limited,9% Nepal SBI Bank Rinpatra 2089,Commercial Banks,Non-Convertible Debentures,Nepal Rastra Bank,A,2026-08-09
SBL,Siddhartha Bank Limited,Siddhartha Bank Limited,Commercial Banks,Equity,Nepal Rastra Bank,A,2026-08-09
SBLD2082,Siddhartha Bank Limited,10.50% SBL Debenture 2082,Commercial Banks,Non-Convertible Debentures,Nepal Rastra Bank,D,2026-08-09
SBLD2091,Siddhartha Bank Limited,7.25% SBL Debenture 2091,Commercial Banks,Non-Convertible Debentures,Nepal Rastra Bank,A,2026-08-09
SBLD78,Siddhartha Bank Limited,7.5% sbl debenture,Commercial Banks,Mutual Funds,Nepal Rastra Bank,D,2026-08-09
SBLD83,Siddhartha Bank Limited,10.25% SBL Debenture 2083,Commercial Banks,Non-Convertible Debentures,Nepal Rastra Bank,A,2026-08-09
SBLD84,Siddhartha Bank Limited,8.5% SBL Debenture 2084,Commercial Banks,Non-Convertible Debentures,Nepal Rastra Bank,A,2026-08-09
SBLD89,Siddhartha Bank Limited,10.75% SBL Debenture 2089,Commercial Banks,Non-Convertible Debentures,Nepal Rastra Bank,A,2026-08-09
SBLPNP,Siddhartha Bank Limited,SBL 8.25% Perpetual Non Cumulative Preference Share,Commercial Banks,Preference Shares,Nepal Rastra Bank,A,2026-08-09
SBPP,Shree Bhrikuti Pulp And Paper Limited,Shree Bhrikuti Pulp And Paper Limited,Manufacturing And Processing,Equity,Department of Industry,S,2026-08-09
SBSL,Shikhar Finance Limited,Shikhar Finance Limited,Finance,Equity,Nepal Rastra Bank,D,2026-08-09
SCB,Standard Chartered Bank  Nepal Limited,Standard Chartered Bank Limited,Commercial Banks,Equity,Nepal Rastra Bank,A,2026-08-09
SCBD,Standard Chartered Bank  Nepal Limited,10.30% Standard Chartered Bank Limited Debenture,Commercial Banks,Non-Convertible Debentures,Nepal Rastra Bank,A,2026-08-09
SDBD87,SHANGRI-LA DEVELOPMENT BANK LIMITED,Shangri-la Development Bank Debenture 2087,Development Banks,Non-Convertible Debentures,Nepal Rastra Bank,A,2026-08-09
SDBL,Siddhartha Development Bank Ltd.,Siddhartha Development Bank Ltd.,Development Banks,Equity,Nepal Rastra Bank,D,2026-08-09
SDESI,Swadeshi Laghubitta Bittiya Sanstha Ltd.,Swadeshi Laghubitta Bittiya Sanstha Ltd.,Microfinance,Equity,Nepal Rastra Bank,D,2026-08-09
SDFL,Suryadarshan Finance Company Limited,Suryadarshan Finance Company Limited,Finance,Equity,Nepal Rastra Bank,D,2026-08-09
SEF,Siddhartha Bank Limited,Siddhartha Equity Fund,Commercial Banks,Mutual Funds,Nepal Rastra Bank,A,2026-08-09
SEF2,Siddhartha Bank Limited,Siddhartha Equity Fund 2,Commercial Banks,Mutual Funds,Nepal Rastra Bank,A,2026-08-09
SEOS,Siddhartha Bank Limited,Siddhartha Equity Orineted Scheme,Commercial Banks,Mutual Funds,Nepal Rastra Bank,D,2026-08-09
SETI,Seti Finance Limited,Seti Finance Limited,Finance,Equity,Nepal Rastra Bank,D,2026-08-09
SEWA,Sewa Bikas Bank Limited,Sewa Bikas Bank Limited,Development Banks,Equity,Nepal Rastra Bank,D,2026-08-09
SFC,Samjhana Finance Co. Ltd.,Samjhana Finance Co. Ltd.,Finance,Equity,Nepal Rastra Bank,S,2026-08-09
SFCL,Samriddhi Finance Company Limited,Samriddhi Finance Company Limited,Finance,Equity,Nepal Rastra Bank,S,2026-08-09
SFEF,Sunrise Capital Limited,Sunrise Focused Equity Fund,Commercial Banks,Mutual Funds,Nepal Rastra Bank,A,2026-08-09
SFFIL,Shrijana Finance  (Bittaya Sanstha),Shrijana Finance  (Bittaya Sanstha),Finance,Equity,Nepal Rastra Bank,D,2026-08-09
SFL,Siddharth Finance Ltd.,Siddharth Finance Ltd.,Finance,Equity,Nepal Rastra Bank,D,2026-08-09
SFMF,Laxmi Sunrise Bank Limited,Sunrise First Mutual Fund,Commercial Banks,Mutual Funds,Nepal Rastra Bank,A,2026-08-09
SGHC,Swet-Ganga Hydropower and Construction Limited,Swet-Ganga Hydropower & Construction Limited ,Hydro Power,Equity,Nepal Hydropower Board,A,2026-08-09
SGHL,Sanigad Hydro Limited,Sanigad Hydro Limited,Hydro Power,Equity,Nepal Hydropower Board,A,2026-08-09
SGIC,Sanima GIC Insurance Limited,Sanima GIC Insurance Limited,Non Life Insurance,Equity,Nepal Insurance Board,A,2026-08-09
SHBL,Sahara Bikas Bank Ltd.,Sahara Bikas Bank Ltd.,Development Banks,Equity,Nepal Rastra Bank,D,2026-08-09
SHEL,Singati Hydro Energy Ltd,Singati Hydro Energy Limited,Hydro Power,Equity,Nepal Hydropower Board,A,2026-08-09
SHINE,SHINE RESUNGA DEVELOPMENT BANK LTD,Shine Resunga Development Bank Ltd.,Development Banks,Equity,Nepal Rastra Bank,A,2026-08-09
SHINED,SHINE RESUNGA DEVELOPMENT BANK LTD,Shine Resunga Debenture,Development Banks,Non-Convertible Debentures,Nepal Rastra Bank,A,2026-08-09
SHIVM,Shivam Cements Limited,SHIVAM CEMENTS LTD,Manufacturing And Processing,Equity,Department of Industry,A,2026-08-09
SHL,Soaltee Hotel Limited,Soaltee Hotel Limited,Hotels And Tourism,Equity,Ministry of Tourism,A,2026-08-09
SHLB,Shrijanshil Laghubitta Baittiya sanstha Limited,Shrijanshil Laghubitta Bittiya Sanstha Limited,Microfinance,Equity,Nepal Rastra Bank,A,2026-08-09
SHPC,Sanima Mai Hydropower Limited,Sanima Mai Hydropower Ltd.,Hydro Power,Equity,Nepal Hydropower Board,A,2026-08-09
SICL,Shikhar Insurance Co. Ltd.,Shikhar Insurance Co. Ltd.,Non Life Insurance,Equity,Nepal Insurance Board,A,2026-08-09
SIFC,Shree Investment Finance Co. Ltd.,Shree Investment Finance Co. Ltd.,Finance,Equity,Nepal Rastra Bank,A,2026-08-09
SIGS1,Siddhartha Bank Limited,Siddhartha Investment Growth Scheme-1,Commercial Banks,Mutual Funds,Nepal Rastra Bank,D,2026-08-09
SIGS2,Siddhartha Bank Limited,Siddhartha Investment Growth Scheme - 2,Commercial Banks,Mutual Funds,Nepal Rastra Bank,A,2026-08-09
SIGS3,Siddhartha Bank Limited,Siddhartha Investment Growth Scheme 3,Commercial Banks,Mutual Funds,Nepal Rastra Bank,A,2026-08-09
SIKLES,Sikles Hydropower Limited,Sikles Hydropower Limited,Hydro Power,Equity,Nepal Hydropower Board,A,2026-08-09
SIL,Siddhartha Insurance Ltd.,Siddhartha Insurance Ltd.,Non Life Insurance,Equity,Nepal Insurance Board,D,2026-08-09
SINDU,Sindhu Bikash Bank Ltd,Sindhu Bikash Bank Ltd,Development Banks,Equity,Nepal Rastra Bank,A,2026-08-09
SIPD,Shikhar Power Development Ltd.,Shikhar power Development Limited,Hydro Power,Equity,Nepal Hydropower Board,A,2026-08-09
SJCL,SANJEN JALAVIDHYUT COMPANY LTD,SANJEN JALAVIDHYUT COMPANY LIMITED,Hydro Power,Equity,Nepal Hydropower Board,A,2026-08-09
SJLIC,SuryaJyoti Life Insurance Company Limited,SuryaJyoti Life Insurance Company Limited,Life Insurance,Equity,Nepal Insurance Board,A,2026-08-09
SKBBL,Sana Kisan Bikas Laghubitta Bittiya Sanstha Limited,Sana Kisan Bikas Laghubitta Bittiya Sanstha Limited,Microfinance,Equity,Nepal Rastra Bank,A,2026-08-09
SKDBL,Saptakoshi Development Bank Ltd.,Saptakoshi Development Bank Ltd.,Development Banks,Equity,Nepal Rastra Bank,D,2026-08-09
SKHEL,Suryakunda Hydro Electric Limited,Suryakunda Hydro Electric Limited,Hydro Power,Equity,Nepal Hydropower Board,A,2026-08-09
SKHL,Super Khudi Hydropower Ltd.,Super Khudi Hydropower Limited,Hydro Power,Equity,Nepal Hydropower Board,A,2026-08-09
SLBBL,Swarojgar Laghubitta Bittiya Sanstha Ltd.,Swarojgar Laghubitta Bittiya Sanstha Ltd.,Microfinance,Equity,Nepal Rastra Bank,A,2026-08-09
SLBS,Suryodaya Laghubitta Bittiya Sanstha Ltd.,Suryodaya Laghubitta Bittiya Sanstha Ltd.,Microfinance,Equity,Nepal Rastra Bank,D,2026-08-09
SLBSL,Samudayik Laghubitta Bittiya Sanstha Limited,Samudayik Laghubitta Bittiya Sanstha Limited,Microfinance,Equity,Nepal Rastra Bank,A,2026-08-09
SLCF,Sanima Bank Limited,Sanima Large Cap Fund,Commercial Banks,Mutual Funds,Nepal Rastra Bank,A,2026-08-09
SLFL,Subha Laxmi Finance Co. Ltd.,Subha Laxmi Finance Co. Ltd.,Finance,Equity,Nepal Rastra Bank,D,2026-08-09
SMATA,Samata Gharelu Laghubitta Bittiya Sanstha Limited,Samata Gharelu Laghubitta Bittiya Sanstha Limited,Microfinance,Equity,Nepal Rastra Bank,A,2026-08-09
SMB,Support Lagubitta Bittiya Sanstha Limited,Support Microfinance Bittiya Sanstha Ltd.,Microfinance,Equity,Nepal Rastra Bank,A,2026-08-09
SMF,Swastik Merchant Finance Co. Ltd.,Swastik Merchant Finance Co. Ltd.,Finance,Equity,Nepal Rastra Bank,D,2026-08-09
SMFBS,Swabhumaan Laghubitta Bittiya Sanstha Ltd,Swabhimaan Laghubitta Bittiya Sanstha Limited,Microfinance,Equity,Nepal Rastra Bank,A,2026-08-09
SMFDB,Summit Micro Finance Development Bank Ltd.,Summit Laghubitta Bittiya Sanstha Limited,Microfinance,Equity,Nepal Rastra Bank,D,2026-08-09
SMH,Supermai Hydropower Limited,Super Mai Hydropower Limited,Hydro Power,Equity,Nepal Hydropower Board,A,2026-08-09
SMHL,Super Madi Hydropower Limited,Super Madi Hydropower Limited,Hydro Power,Equity,Nepal Hydropower Board,A,2026-08-09
SMJC,Sagarmatha Jalabidhyut Company Limited,Sagarmatha Jalabidhyut Company Limited,Hydro Power,Equity,Nepal Hydropower Board,A,2026-08-09
SMPDA,Sampada Laghubitta Bittiya Sanstha Limited,Sampada Laghubitta Bittiya Sanstha Limited,Microfinance,Equity,Nepal Rastra Bank,A,2026-08-09
SNLI,Sun Nepal Life Insurance Company Limited,Sun Nepal Life Insurance Company Limited,Life Insurance,Equity,Nepal Insurance Board,A,2026-08-09
SNORL,Snow Rivers Limited,Snow Rivers Limited,Hydro Power,Equity,Nepal Hydropower Board,A,2026-08-09
SODBL,Society Development Bank Ltd.,Society Development Bank Ltd.,Development Banks,Equity,Nepal Rastra Bank,D,2026-08-09
SOHL,Solu Hydropower Limited,Solu Hydropower Limited,Hydro Power,Equity,Nepal Hydropower Board,A,2026-08-09
SONA,Sonapur Minerals And Oil Limited,Sonapur Minerals And Oil Limited,Manufacturing And Processing,Equity,Department of Industry,A,2026-08-09
SOPL,Sopan Pharmaceuticals Limited,Sopan Pharmaceuticals Limited,Manufacturing And Processing,Equity,Department of Industry,A,2026-08-09
SPARS,Sparsha Laghubitta Bittiya Sanstha Limited,Sparsha Laghubitta Bittiya Sanstha Limited,Microfinance,Equity,Nepal Rastra Bank,D,2026-08-09
SPC,Samling power company limited,Samling Power Company Limited,Hydro Power,Equity,Nepal Hydropower Board,A,2026-08-09
SPDL,Synergy Power Development Ltd.,Synergy Power Development Ltd.,Hydro Power,Equity,Nepal Hydropower Board,A,2026-08-09
SPHL,Sayapatri Hydropower Limited,Sayapatri Hydropower Limited,Hydro Power,Equity,Nepal Hydropower Board,A,2026-08-09
SPIL,Siddhartha Premier Insurance Limited,Siddhartha Premier Insurance Limited,Non Life Insurance,Equity,Nepal Insurance Board,A,2026-08-09
SPL,SHUVAM POWER LIMITED,Shuvam Power Limited,Hydro Power,Equity,Nepal Hydropower Board,A,2026-08-09
SRBL,Sunrise Bank Limited,Sunrise Bank Limited,Commercial Banks,Equity,Nepal Rastra Bank,D,2026-08-09
SRBLD83,Sunrise Bank Limited,10.25% Sunrise Bank Debenture 2083,Commercial Banks,Non-Convertible Debentures,Nepal Rastra Bank,A,2026-08-09
SRD80,Sunrise Bank Limited,10% Sunrise Debenture 2080,Commercial Banks,Non-Convertible Debentures,Nepal Rastra Bank,D,2026-08-09
SRLI,Sanima Reliance Life Insurance Limited,Sanima Reliance Life Insurance Limited,Life Insurance,Equity,Nepal Insurance Board,A,2026-08-09
SRS,Shree Ram Sugar Mills Limited,Shree Ram Sugar Mills Limited,Manufacturing And Processing,Equity,Department of Industry,S,2026-08-09
SSHL,Shiva Shree Hydropower Limited,Shiva Shree Hydropower Ltd,Hydro Power,Equity,Nepal Hydropower Board,A,2026-08-09
STC,Salt Trading Corporation,Salt Trading Corporation,Tradings,Equity,Department of Industry,A,2026-08-09
STFL,Standard Finance Ltd.,Standard Finance Ltd.,Finance,Equity,Nepal Rastra Bank,D,2026-08-09
SUBBL,Subhechha Bikas Bank Limited,Subhechha Bikas Bank Limited,Development Banks,Equity,Nepal Rastra Bank,D,2026-08-09
SUPRME,Supreme Development Bank Ltd.,Supreme Development Bank Ltd.,Development Banks,Equity,Nepal Rastra Bank,D,2026-08-09
SWASTIK,SWASTIK LAGHUBITTA BITTIYA SANSTHA LTD.,Swastik Laghubitta Bittiya Sanstha Limited,Microfinance,Equity,Nepal Rastra Bank,A,2026-08-09
SWBBL,Swabalamban Laghubitta Bittiya Sanstha Limited,Swabalamban Laghubitta Bittiya Sanstha Limited,Microfinance,Equity,Nepal Rastra Bank,A,2026-08-09
SWMF,Suryodaya Womi Laghubitta Bittiya Sanstha Limited,Suryodaya Womi Laghubitta Bittiya Sanstha Limited,Microfinance,Equity,Nepal Rastra Bank,A,2026-08-09
SYFL,Synergy Finance Ltd.,Synergy Finance Ltd.,Finance,Equity,Nepal Rastra Bank,D,2026-08-09
SYPNL,SY PANEL NEPAL LIMITED,SY Panel Nepal Limited,Manufacturing And Processing,Equity,Department of Industry,A,2026-08-09
TAMOR,Sanima Middle Tamor Hydropower Limited,Sanima Middle Tamor Hydropower Limited,Hydro Power,Equity,Nepal Hydropower Board,A,2026-08-09
TBBL,Triveni Bikas Bank Limited,Triveni Bikas Bank Limited,Development Banks,Equity,Nepal Rastra Bank,D,2026-08-09
TDBL,Tourism Development Bank Limited,Tourism Development Bank Limited,Development Banks,Equity,Nepal Rastra Bank,D,2026-08-09
TMDBL,Tinau Mission Development Bank Ltd,Tinau Mission Development Bank Limited,Development Banks,Equity,Nepal Rastra Bank,D,2026-08-09
TNBL,Tinau Development Bank Limited,Tinau Development Bank Limited,Development Banks,Equity,Nepal Rastra Bank,D,2026-08-09
TPC,Terhathum Power Company Limited,Terhathum Power Company Limited,Hydro Power,Equity,Nepal Hydropower Board,A,2026-08-09
TPKHL,Taksar Pikhuwa Khola Hydropower Ltd.,Taksar Pikhuwa Khola Hydropower Limited,Hydro Power,Equity,Nepal Hydropower Board,A,2026-08-09
TRH,Taragaon Regency Hotel Limited,Taragaon Regency Hotel Limited,Hotels And Tourism,Equity,Ministry of Tourism,A,2026-08-09
TRHPR,Taragaon Regency Hotel Limited,Taragaon Regency Hotels Ltd. Preference Share,Hotels And Tourism,Preference Shares,Ministry of Tourism,D,2026-08-09
TSHL,Three Star Hydropower Ltd,Three Star Hydropower Limited,Hydro Power,Equity,Nepal Hydropower Board,A,2026-08-09
TTL,Trade Tower Limited,Trade Tower Limited,Others,Equity,,A,2026-08-09
TVCL,Trishuli Jal Vidhyut Company Limited ,Trishuli Jal Vidhyut Company Limited ,Hydro Power,Equity,Nepal Hydropower Board,A,2026-08-09
UAIL,United Ajod Insurance Limited,United Ajod Insurance Limited,Non Life Insurance,Equity,Nepal Insurance Board,A,2026-08-09
UBBL,Udhyam Bikas Bank Limited,Udhyam Bikas Bank Limited,Development Banks,Equity,Nepal Rastra Bank,D,2026-08-09
UFCL,Union Finance Co. Ltd.,Union Finance Co. Ltd.,Finance,Equity,Nepal Rastra Bank,D,2026-08-09
UFIL,Unique Finance Ltd.,Unique Finance Ltd.,Finance,Equity,Nepal Rastra Bank,D,2026-08-09
UFL,United Finance Ltd.,United Finance Ltd.,Finance,Equity,Nepal Rastra Bank,D,2026-08-09
UFLK,Universal Finance Ltd.,Universal Finance Ltd.,Finance,Equity,Nepal Rastra Bank,D,2026-08-09
UHEWA,Upper Hewakhola Hydropower company Limited,Upper Hewakhola Hydropower Company Limited,Hydro Power,Equity,Nepal Hydropower Board,A,2026-08-09
ULBSL,Upakar Laghubitta Bittiya  Sanstha  Limited,Upakar Laghubitta Bittiya Sanstha Limited,Microfinance,Equity,Nepal Rastra Bank,A,2026-08-09
ULHC,Upper Lohore Khola Hydropower Company Limited,Upper Lohore Khola Hydropower Company Limited,Hydro Power,Equity,Nepal Hydropower Board,A,2026-08-09
ULI,UnionLife Insurance Co. Ltd.,Union Life Insurance Company Limited,Life Insurance,Equity,Nepal Insurance Board,D,2026-08-09
UMHL,United Modi Hydropower Ltd.,United Modi Hydropower Ltd.,Hydro Power,Equity,Nepal Hydropower Board,A,2026-08-09
UMRH,United Idi Mardi & RB Hydropower Ltd,United IDI Mardi RB Hydropower Limited.,Hydro Power,Equity,Nepal Hydropower Board,A,2026-08-09
UNHPL,Union Hydropower Limited,Union Hydropower Limited,Hydro Power,Equity,Nepal Hydropower Board,A,2026-08-09
UNL,Unilever Nepal Limited,Unilever Nepal Limited,Manufacturing And Processing,Equity,Department of Industry,A,2026-08-09
UNLB,Unique Nepal Laghubitta Bittiya Sanstha Limited,Unique Nepal Laghubitta Bittiya Sanstha Limited,Microfinance,Equity,Nepal Rastra Bank,A,2026-08-09
UPCL,Universal Power Company Limited,UNIVERSAL POWER COMPANY LTD,Hydro Power,Equity,Nepal Hydropower Board,A,2026-08-09
UPPER,Upper Tamakoshi Hydropower Ltd,Upper Tamakoshi Hydropower Ltd,Hydro Power,Equity,Nepal Hydropower Board,A,2026-08-09
USHEC,Upper solu Electric company Limited,Upper Solu Hydro Electric Company Limited,Hydro Power,Equity,Nepal Hydropower Board,A,2026-08-09
USHL, Upper Syange Hydropower Limited,Upper Syange Hydropower Limited,Hydro Power,Equity,Nepal Hydropower Board,A,2026-08-09
USLB,Unnati Sahakarya Laghubitta Bittiya Sanstha Limited,Unnati Sahakarya Laghubitta Bittiya Sanstha Limited,Microfinance,Equity,Nepal Rastra Bank,A,2026-08-09
VFL,Valley Finance Limited,Valley Finance Limited,Finance,Equity,Nepal Rastra Bank,D,2026-08-09
VLBS,Vijaya laghubitta Bittiya Sanstha Ltd.,Vijaya laghubitta Bittiya Sanstha Ltd.,Microfinance,Equity,Nepal Rastra Bank,A,2026-08-09
VLUCL,Vision Lumbini Urja Company Limited,Vision Lumbini Urja Company Limited ,Hydro Power,Equity,Nepal Hydropower Board,A,2026-08-09
WDBL,Western Development Bank Limited,Western Development Bank Limited,Development Banks,Equity,Nepal Rastra Bank,D,2026-08-09
WNLB,Wean Nepal Laghubitta Bittiya Sanstha Limited,Wean Nepal Laghubitta Bittiya Sanstha Limited,Microfinance,Equity,Nepal Rastra Bank,A,2026-08-09
YFL,Yeti Finance Ltd.,Yeti Finance Ltd.,Finance,Equity,Nepal Rastra Bank,D,2026-08-09
YHL,Yak And Yeti Hotel Limited,Yak And Yeti Hotel Limited,Hotels And Tourism,Equity,Ministry of Tourism,S,2026-08-09
YMHL,Yambaling Hydropower Ltd.,Yambaling Hydropower Limited,Hydro Power,Equity,Nepal Hydropower Board,A,2026-08-09
ZFL,Zenith Finance Limited,Zenith Finance Limited,Finance,Equity,Nepal Rastra Bank,D,2026-08-09
