symbol,ex_date,factor,prior_close,restated_close,implied_pct,kind
LVF2,2025-08-11,0.8622589531680441,10.89,9.39,-0.137741,unknown
RFPL,2025-08-11,0.5783224998042134,638.45,369.23,-0.421678,unknown
SBCF,2025-08-11,0.8342059336823735,11.46,9.56,-0.165794,unknown
CITY,2025-08-12,0.6017999271705768,961.15,578.42,-0.3982,unknown
LUK,2025-08-19,0.8306519898391194,11.81,9.81,-0.169348,unknown
SFEF,2025-08-19,0.8696911196911197,10.36,9.01,-0.130309,unknown
SFMF,2025-08-19,0.8714416896235078,10.89,9.49,-0.128558,unknown
SAGF,2025-08-24,0.8542435424354243,10.84,9.26,-0.145756,unknown
SEF,2025-08-24,0.8257839721254355,11.48,9.48,-0.174216,unknown
SIGS2,2025-08-24,0.826539462272333,11.53,9.53,-0.173461,unknown
SIGS3,2025-08-24,0.8457350272232306,11.02,9.32,-0.154265,unknown
SLCF,2025-08-24,0.8203592814371258,11.69,9.59,-0.179641,unknown
KDBY,2025-08-25,0.8960396039603962,10.1,9.05,-0.10396,unknown
KEF,2025-08-25,0.8856858846918488,10.06,8.91,-0.114314,unknown
NABBC,2025-08-25,0.5374106909063704,1336.65,718.33,-0.462589,unknown
RMF1,2025-08-25,0.8231653404067197,11.31,9.31,-0.176835,unknown
RMF2,2025-08-25,0.8730468749999999,10.24,8.94,-0.126953,unknown
C30MF,2025-08-31,0.8751229105211407,10.17,8.9,-0.124877,unknown
HATHY,2025-08-31,0.8928585612276506,1258.99,1124.1,-0.107141,unknown
NMB50,2025-08-31,0.8686514886164624,11.42,9.92,-0.131349,unknown
NSIF2,2025-08-31,0.8681898066783832,11.38,9.88,-0.13181,unknown
PSF,2025-08-31,0.896551724137931,11.6,10.4,-0.103448,unknown
NBF2,2025-09-07,0.879740980573543,10.81,9.51,-0.120259,unknown
NBF3,2025-09-07,0.877474081055608,10.61,9.31,-0.122526,unknown
GIBF1,2025-09-18,0.891500904159132,11.06,9.86,-0.108499,unknown
MBL,2025-09-18,0.9615493014454242,248.37,238.82,-0.038451,unknown
MMF1,2025-09-18,0.88,9.75,8.58,-0.12,unknown
H8020,2025-09-21,0.8669950738916257,12.18,10.56,-0.133005,unknown
NIBLGF,2025-09-21,0.8962655601659751,9.64,8.64,-0.103734,unknown
KSBBL,2025-09-24,0.9090960989533776,525.5,477.73,-0.090904,unknown
UPCL,2025-09-24,0.9174427020506634,414.5,380.28,-0.082557,unknown
BGWT,2025-10-07,0.8771920501647359,940.9,825.35,-0.122808,unknown
EBL,2025-10-12,0.9434030683403068,717.0,676.42,-0.056597,unknown
MNBBL,2025-10-19,0.8808266360505167,435.5,383.6,-0.119173,unknown
GLBSL,2025-11-02,0.8752727272727273,2310.0,2021.88,-0.124727,unknown
MKCL,2025-11-02,0.9259238095238096,1575.0,1458.33,-0.074076,unknown
CZBIL,2025-11-03,0.9523809523809524,212.1,202.0,-0.047619,unknown
SBL,2025-11-03,0.9523705722070844,367.0,349.52,-0.047629,unknown
GBBL,2025-11-04,0.9434052757793764,417.0,393.4,-0.056595,unknown
HDL,2025-11-06,0.8333357452966715,1382.0,1151.67,-0.166664,unknown
JSLBBP,2025-11-09,0.8770270270270271,740.0,649.0,-0.122973,unknown
LSLPO,2025-11-09,1.23,100.0,123.0,0.23,unknown
SMATAP,2025-11-11,0.7436762225969646,593.0,441.0,-0.256324,unknown
PMLIP,2025-11-13,0.9,300.0,270.0,-0.1,unknown
SWMFPO,2025-11-20,0.9744897959183674,392.0,382.0,-0.02551,unknown
SAHAS,2025-11-23,0.8264434523809524,672.0,555.37,-0.173557,unknown
SHL,2025-11-23,0.8695604395604395,546.0,474.78,-0.13044,unknown
NRN,2025-11-27,0.7142834995607462,1935.1,1382.21,-0.285717,unknown
SHIVM,2025-11-27,0.9756093597660058,615.4,600.39,-0.024391,unknown
ADBL,2025-11-30,0.9685314685314688,328.9,318.55,-0.031469,unknown
BARUN,2025-11-30,0.9546482057078272,353.9,337.85,-0.045352,unknown
NGPL,2025-11-30,0.95465291750503,397.6,379.57,-0.045347,unknown
SARBTM,2025-11-30,0.9523799102746472,913.9,870.38,-0.04762,unknown
SHINE,2025-11-30,0.970872641509434,424.0,411.65,-0.029127,unknown
MEN,2025-12-03,0.8333333333333334,669.0,557.5,-0.166667,unknown
SMHL,2025-12-03,0.9523847167325428,759.0,722.86,-0.047615,unknown
SIKLES,2025-12-07,0.869560606060606,660.0,573.91,-0.130439,unknown
ALBSL,2025-12-08,0.9132412060301508,1194.0,1090.41,-0.086759,unknown
SADBL,2025-12-09,0.9523903400689996,405.8,386.48,-0.04761,unknown
GCIL,2025-12-14,0.9090988818241612,456.1,414.64,-0.090901,unknown
KDL,2025-12-16,0.9523783185840708,904.0,860.95,-0.047622,unknown
LSL,2025-12-16,0.9091063829787234,235.0,213.64,-0.090894,unknown
SBI,2025-12-21,0.9615440640932266,411.9,396.06,-0.038456,unknown
MLBL,2025-12-22,0.9523697916666666,384.0,365.71,-0.04763,unknown
NHDL,2025-12-22,0.9174270448006576,729.9,669.63,-0.082573,unknown
NLIC,2025-12-22,0.9523792048929663,817.5,778.57,-0.047621,unknown
SHEL,2025-12-22,0.9523859649122808,285.0,271.43,-0.047614,unknown
GBLBS,2025-12-23,1.0319358974358974,780.0,804.91,0.031936,unknown
NMB,2025-12-24,0.9523734797959984,254.9,242.76,-0.047627,unknown
SKBBL,2025-12-24,0.8752721088435375,882.0,771.99,-0.124728,unknown
CGH,2025-12-28,0.9523814898419865,886.0,843.81,-0.047619,unknown
MSHL,2025-12-28,0.8695642701525055,918.0,798.26,-0.130436,unknown
RURU,2025-12-28,0.9090921595598348,727.0,660.91,-0.090908,unknown
SWBBL,2025-12-28,0.946640625,768.0,727.02,-0.053359,unknown
KBSH,2025-12-29,0.9090909090909092,1815.0,1650.0,-0.090909,unknown
SICL,2025-12-29,0.9433962264150944,651.9,615.0,-0.056604,unknown
SNLI,2025-12-29,0.9523735408560312,514.0,489.52,-0.047626,unknown
SPDL,2025-12-29,0.9090887959088796,430.2,391.09,-0.090911,unknown
CBBL,2025-12-31,0.8888888888888887,1044.9,928.8,-0.111111,unknown
DDBL,2025-12-31,0.9090909090909092,880.0,800.0,-0.090909,unknown
MLBBL,2025-12-31,0.8752722952010034,1514.9,1325.95,-0.124728,unknown
SMB,2025-12-31,0.913239660657476,1886.0,1722.37,-0.08676,unknown
CHCL,2026-01-01,0.9259222726376012,506.9,469.35,-0.074078,unknown
GRDBL,2026-01-01,0.9255867768595042,1210.0,1119.96,-0.074413,unknown
MSLB,2026-01-01,0.9546533323382342,1339.9,1279.14,-0.045347,unknown
NLICL,2026-01-01,0.9615371900826448,605.0,581.73,-0.038463,unknown
NUBL,2026-01-01,0.9523860589812332,746.0,710.48,-0.047614,unknown
UHEWA,2026-01-01,0.8695673076923077,624.0,542.61,-0.130433,unknown
AHPC,2026-01-04,0.9523913837166852,273.9,260.86,-0.047609,unknown
API,2026-01-04,0.9523809523809524,294.0,280.0,-0.047619,unknown
GILB,2026-01-04,0.9546581196581196,1170.0,1116.95,-0.045342,unknown
HLBSL,2026-01-04,0.9376451612903226,930.0,872.01,-0.062355,unknown
KPCL,2026-01-04,0.9345774647887324,568.0,530.84,-0.065423,unknown
MERO,2026-01-04,0.9546539699570816,745.6,711.79,-0.045346,unknown
SLBBL,2026-01-04,0.8752748414376321,946.0,828.01,-0.124725,unknown
SMATA,2026-01-04,0.9523785803237858,803.0,764.76,-0.047621,unknown
UMRH,2026-01-04,0.9523853211009172,545.0,519.05,-0.047615,unknown
CIT,2026-01-05,0.9523794002607564,1840.8,1753.14,-0.047621,unknown
JBLB,2026-01-05,0.877190730356057,1480.1,1298.33,-0.122809,unknown
KMCDB,2026-01-05,0.9090934320074006,1081.0,982.73,-0.090907,unknown
PCBL,2026-01-05,0.9259173426033218,258.9,239.72,-0.074083,unknown
PMLI,2026-01-05,0.96154,500.0,480.77,-0.03846,unknown
BHDC,2026-01-06,0.9523749738439004,477.9,455.14,-0.047625,unknown
NLG,2026-01-06,0.9615329512893982,698.0,671.15,-0.038467,unknown
NMFBS,2026-01-06,0.875272030651341,1305.0,1142.23,-0.124728,unknown
NIL,2026-02-08,0.9708810505420676,654.9,635.83,-0.029119,unknown
PROFLP,2026-02-08,2.211864406779661,118.0,261.0,1.211864,unknown
ALICL,2026-02-12,0.9523861171366594,461.0,439.05,-0.047614,unknown
BNHC,2026-02-16,0.5950209045990118,526.2,313.1,-0.404979,unknown
SMH,2026-02-25,0.833338028169014,710.0,591.67,-0.166662,unknown
SNMAPO,2026-02-26,1.095808383233533,167.0,183.0,0.095808,unknown
UAIL,2026-03-01,0.928657487091222,464.8,431.64,-0.071343,unknown
MSLBP,2026-03-17,1.1170212765957446,658.0,735.0,0.117021,unknown
KSBBLP,2026-03-22,1.623415811707906,165.7,269.0,0.623416,unknown
HPPL,2026-03-24,0.7305172413793103,522.0,381.33,-0.269483,unknown
GBBLPO,2026-03-26,1.1862745098039216,204.0,242.0,0.186275,unknown
SRLIP,2026-04-07,1.09,200.0,218.0,0.09,unknown
ANLB,2026-04-09,0.8752741383102398,6365.4,5571.47,-0.124726,unknown
PRIN,2026-04-09,0.9199598930481284,748.0,688.13,-0.08004,unknown
UMHL,2026-04-17,0.9345820433436532,646.0,603.74,-0.065418,unknown
ILBSP,2026-04-24,0.844551282051282,624.0,527.0,-0.155449,unknown
SMATAP,2026-04-29,0.9546485260770976,441.0,421.0,-0.045351,unknown
SGIC,2026-05-06,0.9523719165085388,474.3,451.71,-0.047628,unknown
BFCPO,2026-05-19,0.9130752373995616,273.8,250.0,-0.086925,unknown
JBLBP,2026-05-26,7.16,100.0,716.0,6.16,unknown
MLBLPO,2026-05-26,1.0414507772020725,193.0,201.0,0.041451,unknown
STC,2026-05-27,0.9132426471826124,5939.9,5424.57,-0.086757,unknown
NMFBSP,2026-06-03,0.9303703703703704,675.0,628.0,-0.06963,unknown
SBLPO,2026-06-03,1.319526627218935,169.0,223.0,0.319527,unknown
GBIMEP,2026-06-09,1.31,100.0,131.0,0.31,unknown
PMLIP,2026-06-19,0.9444444444444444,270.0,255.0,-0.055556,unknown
UAIL,2026-07-03,0.9589135589566716,463.9,444.84,-0.041086,unknown
ALICLP,2026-07-09,0.9484126984126984,252.0,239.0,-0.051587,unknown
SADBLP,2026-07-10,0.944206008583691,233.0,220.0,-0.055794,unknown
FOWADP,2026-07-15,0.8333333333333334,660.0,550.0,-0.166667,unknown
ACLBSLP,2026-07-17,0.835236541598695,613.0,512.0,-0.164763,unknown
LSLPO,2026-07-23,1.108108108108108,111.0,123.0,0.108108,unknown
BGWT,2026-08-05,0.9686956521739132,575.0,557.0,-0.031304,unknown
BNT,2026-08-05,1.029998636425617,11000.5,11330.5,0.029999,unknown
CHL,2026-08-05,1.044360902255639,266.0,277.8,0.044361,unknown
CSY,2026-08-05,0.9731182795698924,9.3,9.05,-0.026882,unknown
DHPL,2026-08-05,1.0207612456747406,289.0,295.0,0.020761,unknown
FOWAD,2026-08-05,0.9772020725388602,965.0,943.0,-0.022798,unknown
GSY,2026-08-05,0.966733870967742,9.92,9.59,-0.033266,unknown
GWFD83,2026-08-05,0.9453978159126364,1089.7,1030.2,-0.054602,unknown
H8020,2026-08-05,1.0461538461538462,11.7,12.24,0.046154,unknown
IHL,2026-08-05,0.9779329608938548,358.0,350.1,-0.022067,unknown
JHAPA,2026-08-05,0.9789288849868304,1139.0,1115.0,-0.021071,unknown
MBLEF,2026-08-05,1.023976023976024,10.01,10.25,0.023976,unknown
MKCL,2026-08-05,0.9773755656108596,1105.0,1080.0,-0.022624,unknown
MLBSL,2026-08-05,1.040247678018576,1615.0,1680.0,0.040248,unknown
MNMF1,2026-08-05,0.9783728115345004,9.71,9.5,-0.021627,unknown
NABBC,2026-08-05,1.0223786773950214,795.4,813.2,0.022379,unknown
NICBF,2026-08-05,0.9595744680851064,9.4,9.02,-0.040426,unknown
NICFC,2026-08-05,0.9764453961456102,9.34,9.12,-0.023555,unknown
NICSF,2026-08-05,0.977777777777778,9.0,8.8,-0.022222,unknown
NIMBD90,2026-08-05,1.0377510040160642,1245.0,1292.0,0.037751,unknown
NRIC,2026-08-05,0.9728033472803348,956.0,930.0,-0.027197,unknown
PPCL,2026-08-05,0.978735632183908,348.0,340.6,-0.021264,unknown
RBBD2088,2026-08-05,0.9550697674418606,1075.0,1026.7,-0.04493,unknown
RBBF40,2026-08-05,0.972885032537961,9.22,8.97,-0.027115,unknown
SFEF,2026-08-05,0.9752475247524752,10.1,9.85,-0.024752,unknown
SHLB,2026-08-05,0.9706000805477244,1489.8,1446.0,-0.0294,unknown
SMFBS,2026-08-05,0.9753886010362696,1544.0,1506.0,-0.024611,unknown
SPDL,2026-08-05,0.9756164383561644,365.0,356.1,-0.024384,unknown
TPC,2026-08-05,1.022222222222222,360.0,368.0,0.022222,unknown
UNL,2026-08-05,0.9713932908005762,48590.0,47200.0,-0.028607,unknown
YMHL,2026-08-05,0.9699732746423518,636.1,617.0,-0.030027,unknown
BNL,2026-08-06,0.9703401360544218,14700.0,14264.0,-0.02966,unknown
PROFLP,2026-08-06,0.9225957779515246,255.8,236.0,-0.077404,unknown
SBD89,2026-08-06,0.96,1250.0,1200.0,-0.04,unknown
