businessDate,traded,advancers,decliners,unchanged,thin,limit_up,limit_down,advance_decline_ratio
2025-08-03,319,34,280,5,28,2,2,0.12142857142857143
2025-08-04,325,172,150,2,41,0,1,1.1466666666666667
2025-08-05,325,82,239,4,40,2,1,0.34309623430962344
2025-08-06,320,148,168,4,33,3,0,0.8809523809523809
2025-08-07,318,216,95,7,34,2,0,2.2736842105263158
2025-08-11,324,53,265,6,41,1,0,0.2
2025-08-12,323,61,254,8,37,1,1,0.24015748031496062
2025-08-13,321,123,190,8,37,0,0,0.6473684210526316
2025-08-14,320,136,172,12,39,1,0,0.7906976744186046
2025-08-17,317,85,225,7,32,0,0,0.37777777777777777
2025-08-18,320,199,115,6,36,0,0,1.7304347826086957
2025-08-19,316,176,131,9,34,0,0,1.3435114503816794
2025-08-20,323,95,220,7,38,0,0,0.4318181818181818
2025-08-21,319,89,225,5,37,1,0,0.39555555555555555
2025-08-24,323,71,245,7,37,1,0,0.2897959183673469
2025-08-25,317,209,99,9,41,2,0,2.111111111111111
2025-08-26,322,138,173,11,44,1,0,0.7976878612716763
2025-08-27,321,275,42,4,45,1,0,6.5476190476190474
2025-08-28,322,49,261,11,36,1,0,0.18773946360153257
2025-08-31,321,49,264,8,37,0,1,0.1856060606060606
2025-09-01,326,179,136,10,41,0,0,1.3161764705882353
2025-09-02,323,66,250,7,41,1,0,0.264
2025-09-03,326,72,244,10,39,1,0,0.29508196721311475
2025-09-04,317,121,187,9,37,1,0,0.6470588235294118
2025-09-07,334,123,203,8,54,1,0,0.6059113300492611
2025-09-08,320,50,267,3,44,1,0,0.18726591760299627
2025-09-18,238,10,228,0,111,1,22,0.043859649122807015
2025-09-21,329,256,64,9,37,21,0,4.0
2025-09-23,328,275,44,8,47,11,0,6.25
2025-09-24,317,83,223,11,40,3,0,0.3721973094170404
2025-09-25,327,153,161,13,54,1,0,0.9503105590062112
2025-09-28,314,203,90,21,49,1,1,2.2555555555555555
2025-10-07,326,55,267,3,43,1,1,0.20599250936329588
2025-10-08,335,44,281,10,56,0,0,0.15658362989323843
2025-10-09,313,222,75,16,33,0,0,2.96
2025-10-12,324,27,287,10,48,0,0,0.09407665505226481
2025-10-13,330,251,64,15,50,5,0,3.921875
2025-10-14,317,54,248,15,54,2,1,0.21774193548387097
2025-10-15,318,66,235,17,52,0,2,0.28085106382978725
2025-10-16,311,74,224,13,51,1,1,0.33035714285714285
2025-10-19,323,204,102,17,65,3,0,2.0
2025-10-26,313,125,179,9,56,1,0,0.6983240223463687
2025-10-28,314,275,32,7,50,4,0,8.59375
2025-10-29,321,108,204,9,60,3,0,0.5294117647058824
2025-10-30,319,250,61,8,46,3,0,4.098360655737705
2025-11-02,319,240,71,8,47,7,0,3.380281690140845
2025-11-03,333,126,194,13,67,2,1,0.6494845360824743
2025-11-04,322,59,252,10,58,0,1,0.23412698412698413
2025-11-05,312,166,124,21,51,2,0,1.3387096774193548
2025-11-06,320,117,184,18,47,1,1,0.6358695652173914
2025-11-09,323,46,268,8,49,4,2,0.17164179104477612
2025-11-10,327,122,182,21,63,5,1,0.6703296703296703
2025-11-11,327,166,139,19,63,3,0,1.1942446043165467
2025-11-12,321,73,232,16,53,4,0,0.3146551724137931
2025-11-13,329,162,152,15,57,6,0,1.0657894736842106
2025-11-16,337,116,198,21,65,4,2,0.5858585858585859
2025-11-17,335,212,99,24,60,4,1,2.1414141414141414
2025-11-18,345,250,80,15,69,5,0,3.125
2025-11-19,338,105,223,10,58,8,0,0.47085201793721976
2025-11-20,328,140,177,11,49,5,0,0.7909604519774012
2025-11-23,334,277,52,5,51,3,0,5.326923076923077
2025-11-24,330,250,69,10,49,4,0,3.6231884057971016
2025-11-25,319,151,155,13,39,3,0,0.9741935483870968
2025-11-26,322,169,137,16,38,5,0,1.2335766423357664
2025-11-27,333,171,147,15,47,5,0,1.163265306122449
2025-11-30,342,90,246,6,58,5,0,0.36585365853658536
2025-12-01,325,156,156,13,43,4,1,1.0
2025-12-02,324,162,140,22,46,6,1,1.1571428571428573
2025-12-03,332,105,215,12,55,5,0,0.4883720930232558
2025-12-07,325,68,240,17,37,3,0,0.2833333333333333
2025-12-08,331,136,177,18,47,4,0,0.768361581920904
2025-12-09,331,192,123,16,51,3,0,1.5609756097560976
2025-12-10,329,105,207,16,51,2,0,0.5072463768115942
2025-12-11,326,118,183,25,46,2,0,0.644808743169399
2025-12-14,330,88,229,13,45,2,0,0.38427947598253276
2025-12-15,329,186,128,15,53,2,0,1.453125
2025-12-16,325,218,86,21,41,3,0,2.5348837209302326
2025-12-17,332,180,132,20,48,2,1,1.3636363636363635
2025-12-18,329,90,228,11,47,3,0,0.39473684210526316
2025-12-21,345,95,231,19,53,2,1,0.41125541125541126
2025-12-22,332,90,230,12,48,1,0,0.391304347826087
2025-12-23,328,168,147,13,43,0,0,1.1428571428571428
2025-12-24,334,147,169,18,52,0,0,0.8698224852071006
2025-12-28,328,272,50,6,34,0,1,5.44
2025-12-29,337,129,192,16,54,2,1,0.671875
2025-12-31,342,208,113,21,56,2,2,1.8407079646017699
2026-01-01,336,92,226,18,55,1,1,0.40707964601769914
2026-01-04,323,99,205,19,39,2,0,0.48292682926829267
2026-01-05,335,249,71,15,47,7,0,3.507042253521127
2026-01-06,334,186,130,18,44,2,0,1.4307692307692308
2026-01-07,323,84,227,12,36,0,0,0.3700440528634361
2026-01-08,328,156,149,23,47,0,0,1.0469798657718121
2026-01-12,333,108,213,12,45,2,0,0.5070422535211268
2026-01-13,349,165,165,19,61,1,0,1.0
2026-01-14,320,150,155,15,36,1,0,0.967741935483871
2026-01-18,338,250,79,8,44,4,0,3.1645569620253164
2026-01-20,339,256,70,13,46,1,0,3.657142857142857
2026-01-21,324,108,207,9,32,1,0,0.5217391304347826
2026-01-22,332,189,125,18,46,5,0,1.512
2026-01-25,331,278,48,5,38,12,0,5.791666666666667
2026-01-26,332,126,194,12,39,6,0,0.6494845360824743
2026-01-27,333,70,256,7,36,0,0,0.2734375
2026-01-28,334,179,139,16,48,3,0,1.2877697841726619
2026-01-29,320,120,193,7,30,0,4,0.6217616580310881
2026-02-01,329,81,235,13,37,1,1,0.3446808510638298
2026-02-02,330,146,163,21,38,5,1,0.8957055214723927
2026-02-03,322,88,224,10,38,2,0,0.39285714285714285
2026-02-04,326,151,157,18,40,4,0,0.9617834394904459
2026-02-05,326,240,77,9,37,6,1,3.116883116883117
2026-02-08,330,114,207,9,39,3,0,0.5507246376811594
2026-02-09,324,65,247,12,41,1,0,0.2631578947368421
2026-02-10,324,109,203,12,41,0,0,0.5369458128078818
2026-02-11,329,138,168,23,39,1,0,0.8214285714285714
2026-02-12,337,176,144,17,53,2,0,1.2222222222222223
2026-02-16,335,113,204,16,47,1,0,0.553921568627451
2026-02-17,354,83,256,14,65,2,1,0.32421875
2026-02-22,324,56,257,11,39,1,0,0.2178988326848249
2026-02-23,329,143,171,15,43,1,0,0.8362573099415205
2026-02-24,328,246,66,16,52,1,0,3.727272727272727
2026-02-25,333,191,116,26,55,3,0,1.646551724137931
2026-02-26,335,167,155,13,61,1,0,1.0774193548387097
2026-03-01,341,223,103,15,59,2,0,2.1650485436893203
2026-03-03,329,297,28,4,51,3,0,10.607142857142858
2026-03-09,261,260,1,0,152,24,0,260.0
2026-03-10,329,121,202,6,30,2,0,0.599009900990099
2026-03-11,329,71,252,6,36,2,0,0.28174603174603174
2026-03-12,335,218,102,14,43,3,0,2.1372549019607843
2026-03-15,350,164,167,18,49,3,1,0.9820359281437125
2026-03-16,345,79,253,13,51,5,0,0.31225296442687744
2026-03-17,340,181,134,24,46,4,0,1.3507462686567164
2026-03-19,342,283,53,6,38,5,0,5.339622641509434
2026-03-22,364,250,96,17,56,7,0,2.6041666666666665
2026-03-23,342,138,189,15,36,6,0,0.7301587301587301
2026-03-24,341,173,151,17,34,8,0,1.1456953642384107
2026-03-25,345,76,253,15,42,5,0,0.30039525691699603
2026-03-26,342,219,109,14,39,5,0,2.0091743119266057
2026-03-29,333,31,294,6,29,4,0,0.1054421768707483
2026-03-30,341,44,290,7,39,7,0,0.15172413793103448
2026-03-31,339,222,102,15,38,6,0,2.176470588235294
2026-04-01,347,36,302,9,45,6,1,0.11920529801324503
2026-04-02,328,120,192,16,31,6,0,0.625
2026-04-05,345,31,308,6,41,6,8,0.10064935064935066
2026-04-06,345,313,27,5,47,10,0,11.592592592592593
2026-04-07,345,114,211,20,50,6,0,0.5402843601895735
2026-04-08,346,303,36,6,46,7,0,8.416666666666666
2026-04-09,338,285,44,9,37,9,0,6.4772727272727275
2026-04-10,335,83,238,12,31,5,0,0.3487394957983193
2026-04-13,342,141,184,17,38,6,0,0.7663043478260869
2026-04-15,344,259,67,18,42,7,0,3.8656716417910446
2026-04-16,342,55,276,11,38,5,0,0.19927536231884058
2026-04-17,335,139,180,16,34,5,0,0.7722222222222223
2026-04-20,349,84,246,19,54,4,0,0.34146341463414637
2026-04-21,347,79,253,15,48,4,0,0.31225296442687744
2026-04-22,342,151,175,16,44,3,0,0.8628571428571429
2026-04-23,348,83,253,12,53,2,0,0.32806324110671936
2026-04-24,351,116,208,27,58,3,0,0.5576923076923077
2026-04-27,351,188,144,19,53,4,0,1.3055555555555556
2026-04-28,349,74,254,21,50,0,1,0.29133858267716534
2026-04-29,351,60,277,14,53,0,0,0.21660649819494585
2026-04-30,346,125,205,16,52,0,0,0.6097560975609756
2026-05-04,341,50,283,8,48,1,0,0.17667844522968199
2026-05-05,335,198,116,21,43,0,0,1.706896551724138
2026-05-06,336,143,172,21,44,0,0,0.8313953488372093
2026-05-07,334,181,134,19,53,0,0,1.3507462686567164
2026-05-08,335,272,47,16,43,0,0,5.787234042553192
2026-05-11,332,275,46,11,34,0,0,5.978260869565218
2026-05-12,338,46,280,12,50,1,0,0.16428571428571428
2026-05-13,339,107,214,18,57,0,0,0.5
2026-05-14,337,107,208,22,52,0,0,0.5144230769230769
2026-05-15,338,160,148,30,49,0,1,1.0810810810810811
2026-05-18,339,146,163,30,49,0,0,0.8957055214723927
2026-05-19,346,144,178,24,65,0,0,0.8089887640449438
2026-05-20,346,299,41,6,60,1,0,7.2926829268292686
2026-05-21,348,118,214,16,63,0,1,0.5514018691588785
2026-05-22,336,234,86,16,47,1,0,2.7209302325581395
2026-05-25,342,267,60,15,44,0,0,4.45
2026-05-26,342,106,212,23,48,0,0,0.5
2026-05-27,354,186,144,24,58,2,0,1.2916666666666667
2026-06-01,349,58,274,17,60,2,0,0.2116788321167883
2026-06-02,346,218,108,20,56,1,0,2.0185185185185186
2026-06-03,347,186,145,16,46,2,0,1.282758620689655
2026-06-04,353,114,227,12,58,1,0,0.5022026431718062
2026-06-05,351,109,224,18,67,1,0,0.48660714285714285
2026-06-08,356,68,272,15,61,1,0,0.25
2026-06-09,357,137,190,29,63,2,0,0.7210526315789474
2026-06-10,356,164,172,19,64,2,0,0.9534883720930233
2026-06-11,350,108,221,21,51,2,0,0.48868778280542985
2026-06-12,342,129,190,23,45,2,0,0.6789473684210526
2026-06-15,350,102,226,22,62,2,0,0.45132743362831856
2026-06-16,355,119,213,23,59,2,0,0.5586854460093896
2026-06-17,352,172,161,19,61,2,0,1.0683229813664596
2026-06-18,347,114,204,29,58,2,0,0.5588235294117647
2026-06-19,353,144,181,28,60,1,0,0.7955801104972375
2026-06-22,353,141,189,21,54,0,0,0.746031746031746
2026-06-23,353,55,280,18,52,2,1,0.19642857142857142
2026-06-24,338,88,233,17,44,3,0,0.3776824034334764
2026-06-25,338,110,201,27,52,2,0,0.5472636815920398
2026-06-26,359,129,199,30,70,2,0,0.6482412060301508
2026-06-29,351,55,279,17,50,4,0,0.1971326164874552
2026-06-30,365,77,271,17,69,1,0,0.28413284132841327
2026-07-01,362,297,47,18,71,1,0,6.319148936170213
2026-07-02,359,145,188,24,68,2,0,0.7712765957446809
2026-07-03,345,131,182,31,49,4,0,0.7197802197802198
2026-07-06,356,61,283,12,50,3,0,0.21554770318021202
2026-07-07,352,246,89,17,50,1,0,2.764044943820225
2026-07-08,362,65,285,12,61,0,0,0.22807017543859648
2026-07-09,361,63,282,16,58,0,0,0.22340425531914893
2026-07-10,367,176,165,26,64,0,0,1.0666666666666667
2026-07-13,368,55,305,8,67,0,0,0.18032786885245902
2026-07-14,383,235,128,20,65,0,0,1.8359375
2026-07-15,362,241,89,32,72,0,0,2.707865168539326
2026-07-16,371,172,183,16,80,3,0,0.9398907103825137
2026-07-17,335,285,44,5,45,2,1,6.4772727272727275
2026-07-20,343,263,70,10,55,2,0,3.757142857142857
2026-07-21,343,120,199,24,39,1,0,0.6030150753768844
2026-07-22,346,101,231,14,50,1,0,0.43722943722943725
2026-07-23,338,183,135,20,46,1,1,1.3555555555555556
2026-07-24,353,179,152,22,62,1,0,1.1776315789473684
2026-07-27,360,73,274,13,69,1,0,0.2664233576642336
2026-07-28,342,118,203,21,51,1,0,0.5812807881773399
2026-07-29,343,108,218,17,51,1,0,0.4954128440366973
2026-07-30,337,77,242,18,52,1,1,0.3181818181818182
2026-07-31,337,202,109,26,60,1,0,1.853211009174312
2026-08-03,349,168,169,12,56,1,0,0.9940828402366864
2026-08-04,109,0,0,0,101,0,0,
2026-08-05,350,149,181,19,67,1,0,0.8232044198895028
2026-08-06,347,81,241,23,62,1,0,0.3360995850622407
2026-08-07,334,111,205,18,43,0,0,0.5414634146341464
