businessDate,total_turnover,top10_share,top10_symbols
2025-08-03,13075004920.34,0.3291265722818632,"NRIC, HRL, HDL, SHIVM, NGPL, LBBL, BPCL, MHL, GVL, CGH"
2025-08-04,10822449402.92,0.3106566511452465,"HRL, SHIVM, HDL, NGPL, NRIC, KPCL, TTL, LBBL, BPCL, SAHAS"
2025-08-05,9333965281.84,0.28864669731971515,"HRL, TTL, SHIVM, BPCL, NGPL, LBBL, KPCL, NRIC, USLB, HDL"
2025-08-06,7631375952.79,0.28932034970610987,"NGPL, HRL, SHIVM, NRN, BHL, LBBL, NRIC, UMHL, HDL, GVL"
2025-08-07,8537581254.96,0.2714721341543307,"LEC, SHIVM, HRL, NRIC, UMHL, KBL, NGPL, BPCL, HDL, USLB"
2025-08-11,10210142308.439999,0.3003404292577908,"SHIVM, HRL, NRIC, SAHAS, BPCL, HDL, NRN, LEC, FMDBL, UMHL"
2025-08-12,6918983507.82,0.26569262251778514,"NRIC, HRL, LBBL, SHIVM, BPCL, NGPL, HDL, UMHL, SAHAS, LEC"
2025-08-13,6161894734.550001,0.31708270085251417,"BHL, UMHL, SHIVM, NRN, NRIC, SAHAS, HRL, GBIME, NGPL, BPCL"
2025-08-14,7464177704.29,0.36417862135539375,"NRIC, NRN, BHL, HRL, SAHAS, SHIVM, RADHI, BPCL, NRM, HDL"
2025-08-17,7735195094.63,0.31025447114657345,"NRIC, HRL, NRM, NRN, SHIVM, MNBBL, KPCL, HDL, BPCL, RADHI"
2025-08-18,6179855209.52,0.28333126054518015,"NRIC, BPCL, NRN, KPCL, HDL, PMHPL, NRM, UMHL, LEC, SHIVM"
2025-08-19,5636548038.26,0.32688961931898797,"UMHL, HDL, RADHI, BPCL, MEN, HRL, NRIC, PMHPL, NRN, SHIVM"
2025-08-20,5200753868.02,0.27607951263162495,"NRIC, HRL, CGH, UMHL, RADHI, PMHPL, BPCL, NRN, HDL, EBL"
2025-08-21,5020104816.55,0.28074366936596473,"HRL, NRIC, BHL, BPCL, HDL, EBL, SHIVM, NABBC, NRN, CGH"
2025-08-24,6548638335.92,0.4607170855735066,"HDL, NRIC, HRL, BPCL, SHIVM, NRN, NABBC, RADHI, CGH, CHDC"
2025-08-25,5753219652.78,0.37762005411182525,"NRIC, HRL, HDL, RADHI, CBBL, SKBBL, CGH, NRN, NRM, LBBL"
2025-08-26,4185315734.37,0.39906055177254346,"NRIC, HRL, NRN, HDL, BPCL, NRM, PURE, KPCL, SKBBL, EBL"
2025-08-27,7683386441.7,0.39905318551459057,"HRL, NRIC, GVL, HDL, NRM, LBBL, BPCL, SHIVM, SHEL, CGH"
2025-08-28,8095610445.99,0.35007607962458287,"NRIC, HRL, HDL, SHIVM, UMHL, CGH, LBBL, NGPL, AKPL, BPCL"
2025-08-31,6061822379.1,0.3387769911372592,"NRIC, HRL, HDL, NRM, PPL, BHCL, EBL, SHIVM, LEC, CHDC"
2025-09-01,5105746657.65,0.362963725731148,"NRIC, EBL, HDL, NRN, KBL, HRL, SBL, SHIVM, SANIMA, BHCL"
2025-09-02,4438251812.71,0.2979005811057596,"NRIC, HRL, UNHPL, DORDI, HDL, UMHL, HBL, KSBBL, SMATA, SHIVM"
2025-09-03,4728052860.98,0.37678797052001395,"UNHPL, LEC, NRIC, HRL, PMHPL, SHIVM, HDL, UMHL, BPCL, USLB"
2025-09-04,5144322258.75,0.3158265953180746,"NRIC, BHDC, HRL, UNHPL, HDL, BPCL, SMHL, SANIMA, EBL, SHIVM"
2025-09-07,4402767271.719999,0.3604677788430992,"UNHPL, NRIC, EBL, HDL, UPCL, HRL, NRN, LSL, RADHI, BPCL"
2025-09-08,5233766698.24,0.34142452610677265,"NRIC, UNHPL, UPCL, HRL, UMHL, HDL, NRN, SHIVM, NGPL, MKJC"
2025-09-18,728702830.7,0.4201048799356612,"HDL, CHDC, SHIVM, UNHPL, UPCL, NRN, NGPL, KBL, RADHI, SHEL"
2025-09-21,9179573079.96,0.3347134421215795,"NRIC, HRL, GMLI, SHIVM, HDL, CHDC, UNHPL, LBBL, KBL, NRN"
2025-09-23,5292773925.39,0.3103766235545292,"NRIC, UPCL, HDL, SHIVM, HRL, UNHPL, SAHAS, NRN, BPCL, KSBBL"
2025-09-24,4124821863.7799997,0.2911923856996076,"UNHPL, NRIC, HRL, CHDC, SHIVM, HDL, UPCL, NRN, NGPL, MNBBL"
2025-09-25,3260440604.1800003,0.31901117783484023,"NRIC, UNHPL, HRL, KPCL, LBBL, SHIVM, SAPDBL, GLH, CHDC, HDL"
2025-09-28,2935914910.74,0.3044876532456042,"UNHPL, NRIC, SHIVM, NMBPO, HRL, SBLD2091, HDL, NRN, HIMSTAR, MKJC"
2025-10-07,4629042656.66,0.2970321029601588,"UNHPL, NRIC, HRL, SHIVM, SPDL, NRN, MKJC, RADHI, SIKLES, HDL"
2025-10-08,5762701110.82,0.3068830273497138,"NRIC, UNHPL, SPDL, NRN, HRL, UMHL, NILPO, KPCL, SHIVM, NGPL"
2025-10-09,5273221479.76,0.3248719174560385,"SHIVM, UNHPL, HRL, NRIC, HDL, EBL, MNBBL, CHDC, NGPL, SPDL"
2025-10-12,6707245266.37,0.3585255386972673,"NRIC, NLG, UNHPL, HRL, CHDC, NRN, HDL, RADHI, SHIVM, BPCL"
2025-10-13,4975408545.45,0.37546521867201577,"NRN, NRIC, KBLD90, CHDC, HRL, NLG, UNHPL, SHIVM, LSL, UMHL"
2025-10-14,3366198262.3500004,0.3521157520509584,"NRIC, HRL, CHDC, UNHPL, SHIVM, NRN, CREST, HIDCLP, HDL, BHDC"
2025-10-15,3101830945.46,0.32296543267977357,"NRIC, HRL, UNHPL, BPCL, HDL, CHDC, RADHI, NRN, GBIME, SHIVM"
2025-10-16,3270054864.16,0.31935709218391356,"MNBBL, NRIC, SHIVM, NRN, HRL, HDL, UNHPL, CHDC, USLB, NABBC"
2025-10-19,2791189909.04,0.4434548846322379,"NRIC, HDL, UNHPL, CHDC, HRL, UMHL, NRN, SHIVM, GBIME, SRLIP"
2025-10-26,2661302284.8500004,0.4896575437214748,"NRIC, SBLD89, UNHPL, HPPL, HDL, SHIVM, HRL, NABBC, RADHI, CHDC"
2025-10-28,4573943405.5,0.3919563232776865,"HPPL, UNHPL, RADHI, BPCL, NRN, HRL, NRIC, CHDC, HDL, SHIVM"
2025-10-29,5459767681.9,0.35734786534379415,"UNHPL, NRN, BPCL, RADHI, HRL, CHDC, SAHAS, FMDBL, NRIC, HPPL"
2025-10-30,7513938473.450001,0.4831042738274233,"HBLPO, RADHI, NRIC, SAHAS, BPCL, SBLD89, UNHPL, HPPL, NRN, NGPL"
2025-11-02,9203146429.510002,0.39707367324313725,"HBLPO, UNHPL, BPCL, RADHI, NRN, SPDL, NRIC, NGPL, HRL, HDL"
2025-11-03,6052226903.77,0.36540600766676795,"SHIVM, NRN, RADHI, SPDL, UNHPL, HRL, NGPL, SAHAS, CHDC, NRIC"
2025-11-04,5150768938.98,0.34376338309414417,"NRN, RADHI, UNHPL, SHEL, SHIVM, NRIC, CGH, EHPL, HDL, HRL"
2025-11-05,4681922814.96,0.3968277668874542,"UNHPL, HDL, RADHI, NRN, SHIVM, HRL, NRIC, SPDL, SHEL, BPCL"
2025-11-06,5416939357.23,0.36276695537992226,"SHIVM, RADHI, HDL, NRN, UNHPL, BPCL, SPDL, USLB, HRL, FMDBL"
2025-11-09,4907624328.4,0.37086942418703656,"UNHPL, NRIC, NRN, RADHI, SHIVM, GMLI, MEN, BPCL, PPL, NBLD85"
2025-11-10,4514408236.34,0.4279192953905703,"NRN, UNHPL, SBLD89, RADHI, SHIVM, NIMBD90, NRIC, SAHAS, SPDL, PPL"
2025-11-11,3626175110.67,0.4293343326468163,"SAHAS, RADHI, NRN, SHIVM, SPDL, EHPL, DHEL, MEN, HRL, PPL"
2025-11-12,3848586411.67,0.3488177904565937,"NRN, RADHI, SAHAS, UNHPL, SHIVM, BPCL, BHDC, CHDC, NRIC, MABEL"
2025-11-13,3499821671.8199997,0.32202018896406326,"HPPL, HDL, UNHPL, NRN, SAHAS, SHIVM, RADHI, CHDC, MEN, PPL"
2025-11-16,3893975793.73,0.41731197007350324,"SBLD89, NRIC, MEN, NRN, UNHPL, SAHAS, BARUN, NBLD85, SHIVM, RADHI"
2025-11-17,3946074358.8900003,0.3241754549095306,"SAHAS, NRN, SHIVM, RADHI, UNHPL, BPCL, CHDC, LSL, MEN, SARBTM"
2025-11-18,4105406134.0200005,0.28668624936932147,"SAHAS, BARUN, MEN, SPDL, NIFRA, RADHI, NRN, SHIVM, BPCL, UNHPL"
2025-11-19,3778632771.3100004,0.3441140275584946,"BARUN, SAHAS, RADHI, UNHPL, SPDL, SHIVM, NRN, MEN, NRIC, DHEL"
2025-11-20,4688868299.24,0.30883951484299915,"SAHAS, SAPDBL, NRIC, UNHPL, BARUN, RADHI, DORDI, SGHC, BUNGAL, SHIVM"
2025-11-23,6286733916.88,0.3462941192014752,"NRN, PHCL, RADHI, NRIC, SHIVM, HRL, SAHAS, SPDL, NLIC, MEN"
2025-11-24,7035480136.9800005,0.2763794875888408,"NLIC, NRIC, HRL, NRN, RNLI, SHIVM, CHDC, GMLI, RADHI, SARBTM"
2025-11-25,5823028663.969999,0.3164068562980188,"BANDIPUR, HRL, NGPL, UNHPL, SHIVM, NRN, BARUN, MEN, NRIC, HDL"
2025-11-26,6692971095.049999,0.33799408030808187,"NRN, SHIVM, HDL, BANDIPUR, HRL, USLB, BARUN, NGPL, NRIC, RADHI"
2025-11-27,6662383143.47,0.2560057619729837,"NRN, NGPL, HRL, CHDC, UMHL, HDL, SPDL, BARUN, RNLI, NIFRA"
2025-11-30,7085449433.6,0.25899023970137,"HRL, JOSHI, GVL, NRN, NLIC, NGPL, HDL, SHPC, MEN, RNLI"
2025-12-01,4716383580.860001,0.2708213547947034,"UMHL, HRL, BANDIPUR, NRIC, NRN, NABBC, LSL, HDL, ALBSL, MEN"
2025-12-02,4481394149.97,0.30647183142977813,"UNHPL, MEN, NGPL, GVL, UMHL, HRL, NABBC, BUNGAL, NRIC, BARUN"
2025-12-03,5235699337.33,0.22397480990533977,"BANDIPUR, HRL, NGPL, TTL, SIKLES, GMFIL, ALBSL, OMPL, UMHL, SHIVM"
2025-12-07,5334415331.059999,0.3203702720613634,"SAGAR, NGPL, BANDIPUR, UMHL, HRL, ALBSL, NRN, NRIC, BUNGAL, GMFIL"
2025-12-08,4669548742.620001,0.30517083320998856,"NGPL, SAGAR, PURE, RADHI, JHAPA, BANDIPUR, UPCL, HIMSTAR, NRN, UNHPL"
2025-12-09,3755027795.9299994,0.2743926704928199,"NGPL, LSL, RADHI, UPCL, HRL, SHIVM, MMKJL, BANDIPUR, SAGAR, NRN"
2025-12-10,3738772373.2400002,0.27524125428588697,"SAIL, NGPL, UPCL, SAGAR, HRL, TPC, BANDIPUR, NRIC, SHIVM, SJLIC"
2025-12-11,3497979756.57,0.25577333545729336,"NGPL, SAIL, SAGAR, NLIC, SHIVM, UMHL, BHCL, CHDC, HRL, BANDIPUR"
2025-12-14,4007455077.0,0.24841411214152456,"KBLPO, NGPL, SHIVM, SAIL, BPCL, SAGAR, CHDC, BANDIPUR, RADHI, HRL"
2025-12-15,3441903770.1799994,0.25699047729441366,"NGPL, LSL, SBI, CHDC, HRL, SAIL, SAGAR, MFIL, NABBC, USHL"
2025-12-16,3294227122.34,0.25205257050102753,"NGPL, LBBL, HRL, CHDC, RADHI, CBBL, CGH, SHIVM, BANDIPUR, SAIL"
2025-12-17,4053720782.1000004,0.26199383228112044,"UNHPL, MFIL, NGPL, HRL, RADHI, BPCL, LBBL, NABBC, GMFIL, CLI"
2025-12-18,4577827903.2,0.26751477646067745,"BHPL, RADHI, BPCL, NGPL, SAPDBL, SNLI, MFIL, RNLI, SARBTM, BANDIPUR"
2025-12-21,4528715671.15,0.2203616536046707,"SWASTIK, BHPL, SNLI, LBBL, NLIC, NGPL, SJLIC, HRL, SAGAR, RFPL"
2025-12-22,3515930718.5000005,0.1997292476797136,"LBBL, SNLI, MFIL, HPPL, CLI, SWASTIK, BANDIPUR, NGPL, HRL, SAGAR"
2025-12-23,3429893942.0699997,0.25820449275044255,"SYPNL, SAGAR, CHDC, LBBL, MFIL, RFPL, NGPL, SHIVM, BHPL, API"
2025-12-24,3224664663.45,0.23392484621733017,"SYPNL, MFIL, TPC, NGPL, SBL, ALBSL, HRL, RADHI, SHIVM, HIMSTAR"
2025-12-28,5531370061.58,0.2983664590375609,"UNHPL, MFIL, SPDL, SYPNL, SHIVM, HRL, BPCL, RADHI, NGPL, SNLI"
2025-12-29,4774786034.55,0.25399831668358713,"SYPNL, MFIL, SHIVM, NGPL, HRL, SAPDBL, BPCL, SAIL, CBBL, RADHI"
2025-12-31,5134850052.25,0.24576916654986242,"GVL, BANDIPUR, SAIL, HRL, SHIVM, NHDL, NGPL, BPCL, UNHPL, SYPNL"
2026-01-01,4713905470.5,0.25687124459276955,"SYPNL, SHIVM, BPCL, BANDIPUR, BUNGAL, SAIL, SAGAR, HRL, MFIL, PURE"
2026-01-04,5017587294.34,0.3413990298549102,"SYPNL, SAIL, BANDIPUR, NICA, SAGAR, MFIL, SANVI, UNHPL, SHIVM, TTL"
2026-01-05,6473736099.27,0.2604411042782732,"SHIVM, BANDIPUR, SYPNL, SAIL, SAGAR, LBBL, DHEL, TTL, SANVI, NRN"
2026-01-06,7123365296.179999,0.28057554855031774,"SYPNL, BPCL, SHIVM, BANDIPUR, MFIL, SAGAR, RADHI, SAIL, SBL, HDL"
2026-01-07,5175091991.599999,0.31119531115853416,"SYPNL, SAIL, MFIL, SHIVM, SAGAR, SANVI, BPCL, BANDIPUR, RADHI, TTL"
2026-01-08,4908094092.74,0.2904595246469982,"SYPNL, BANDIPUR, SANVI, SAGAR, SHIVM, SAIL, MFIL, RADHI, BHPL, BUNGAL"
2026-01-12,6472607801.610001,0.37103649096468216,"SYPNL, RADHI, MFIL, SAIL, SHIVM, SANVI, BANDIPUR, SAGAR, BPCL, TTL"
2026-01-13,6990484039.449999,0.36854539851044427,"RADHI, SYPNL, BPCL, SAIL, DORDI, NGPL, SHIVM, BANDIPUR, LBBL, SANVI"
2026-01-14,6209438906.369999,0.2958076064031656,"RADHI, UNHPL, SYPNL, MFIL, DORDI, BPCL, UMHL, SHPC, SAIL, NABBC"
2026-01-18,8402797775.59,0.30992702713438125,"MFIL, SYPNL, SAIL, BANDIPUR, RADHI, SAGAR, NGPL, LBBL, NRN, BPCL"
2026-01-20,11858421070.669998,0.25262861913459944,"NRN, RADHI, MFIL, GVL, SYPNL, BANDIPUR, AKJCL, UMHL, NGPL, BPCL"
2026-01-21,8923650346.990002,0.31011579489255175,"AKJCL, NRN, HRL, UMHL, RADHI, BPCL, SYPNL, MFIL, NGPL, RFPL"
2026-01-22,9073978098.789999,0.276363540984786,"AKJCL, MFIL, SYPNL, BANDIPUR, SAIL, SANVI, UMHL, NRN, LEC, PURE"
2026-01-25,13785729645.05,0.21775211092855526,"AKJCL, GVL, SHIVM, UMHL, BANDIPUR, HRL, RADHI, NRN, SYPNL, SAIL"
2026-01-26,16355730466.82,0.26499566633190463,"HPPL, AKJCL, MFIL, SYPNL, BANDIPUR, SAIL, SANVI, NRN, NGPL, RADHI"
2026-01-27,14167179442.720001,0.26830193922991763,"RADHI, SYPNL, AKJCL, NGPL, BANDIPUR, SAIL, RFPL, TTL, BPCL, MFIL"
2026-01-28,11493989185.27,0.34044910831435404,"AKJCL, RADHI, SYPNL, UMHL, RFPL, BANDIPUR, PPL, SAIL, TTL, MFIL"
2026-01-29,14563138865.71,0.2813217460863827,"NGPL, SYPNL, UMHL, UNHPL, RADHI, AKJCL, SSHL, HDHPC, SAPDBL, BHL"
2026-02-01,9109457278.449999,0.3460220779515346,"AKJCL, SYPNL, RADHI, UNHPL, SSHL, NGPL, HDHPC, BANDIPUR, SAIL, MFIL"
2026-02-02,8223965669.860001,0.3108579988446765,"AKJCL, SYPNL, BANDIPUR, RADHI, PPL, UNHPL, NGPL, TPC, SAIL, SSHL"
2026-02-03,8631512542.17,0.3330791540015788,"SYPNL, AKJCL, UNHPL, PPL, BANDIPUR, BARUN, SAIL, NABBC, RADHI, NGPL"
2026-02-04,7499742098.460001,0.3779537245530148,"AKJCL, SYPNL, RADHI, SAIL, BANDIPUR, PPL, NGPL, BARUN, SSHL, NRN"
2026-02-05,11582893800.910002,0.3338838727716009,"UNHPL, RADHI, SYPNL, AKJCL, NRN, NLG, NGPL, BANDIPUR, RIDI, NRIC"
2026-02-08,11659752143.11,0.329646062671346,"SMHL, AKJCL, RIDI, RADHI, SYPNL, NGPL, NRN, NRIC, NMIC, KKHC"
2026-02-09,10773915289.220001,0.3476771743924848,"RIDI, SYPNL, AKJCL, LEC, NGPL, RADHI, KKHC, NHPC, HURJA, NABBC"
2026-02-10,8616410132.46,0.3533102323358019,"AHPC, AKJCL, RIDI, UNHPL, AKPL, SYPNL, RADHI, LEC, NGPL, HURJA"
2026-02-11,8692250855.880001,0.39632177005908975,"RIDI, AKJCL, SHEL, SYPNL, UNHPL, NGPL, HURJA, TPC, RADHI, AHPC"
2026-02-12,11102550966.56,0.33141976482546015,"NGPL, SYPNL, RIDI, AKJCL, TPC, HURJA, PHCL, NHPC, SHEL, RADHI"
2026-02-16,7942760220.64,0.4112787203636347,"RIDI, AKJCL, NGPL, SYPNL, KKHC, NHPC, PPL, SAIL, HURJA, SHEL"
2026-02-17,8364424555.43,0.32149172902208795,"RIDI, AKJCL, NGPL, CHDC, SYPNL, RADHI, PPL, KKHC, NRN, BNHC"
2026-02-22,6699721204.4800005,0.3465378640155221,"AKJCL, RIDI, SYPNL, NGPL, RADHI, TVCL, CHDC, MFIL, NRN, TPC"
2026-02-23,5138649946.77,0.3696682991403274,"AKJCL, RIDI, SYPNL, CHDC, NGPL, RADHI, MFIL, NABBC, SAIL, SMHL"
2026-02-24,4232407613.5599995,0.35011171848204914,"SYPNL, AKJCL, RADHI, NGPL, RIDI, SMH, SAIL, NRIC, SMHL, SAHAS"
2026-02-25,4451149080.41,0.33067685692172377,"AKJCL, NGPL, SYPNL, RIDI, BANDIPUR, RADHI, HPPL, SHIVM, KKHC, API"
2026-02-26,4174630515.2799997,0.34057562524300156,"API, AKJCL, SYPNL, NGPL, RIDI, MFIL, RADHI, BPCL, AHPC, UNHPL"
2026-03-01,5648319041.360001,0.392042467021626,"RADHI, API, MFIL, AKJCL, SYPNL, RIDI, NGPL, SHIVM, SAHAS, KBL"
2026-03-03,6234381480.75,0.33705259215982575,"AKJCL, RIDI, SYPNL, MFIL, NGPL, RADHI, KBL, API, SHIVM, SAHAS"
2026-03-09,555963894.6600001,0.3917376536352073,"NABBC, SHIVM, SYPNL, NGPL, RADHI, RIDI, NRIC, AKJCL, API, SAIL"
2026-03-10,21502031320.339996,0.26454122720578643,"NGPL, AKJCL, API, RIDI, SHIVM, HRL, RADHI, UPPER, KBL, SYPNL"
2026-03-11,13180255157.52,0.3175546833485988,"RIDI, AKJCL, NHPC, API, NGPL, SMHL, SHEL, HDHPC, SYPNL, RADHI"
2026-03-12,14551946230.27,0.30387414572778787,"NHPC, HIDCLP, KBL, HDHPC, BHL, RIDI, SSHL, NGPL, LEC, AKJCL"
2026-03-15,14329604315.9,0.3395097078362308,"GLH, RIDI, NHPC, HDHPC, RADHI, HIDCLP, AKJCL, NGPL, UPCL, BHL"
2026-03-16,11974696088.009998,0.3318846815811299,"AKJCL, NHPC, UHEWA, SYPNL, RIDI, HIDCLP, HDHPC, PHCL, MFIL, BHL"
2026-03-17,12034406328.720001,0.3552022072828463,"RIDI, AKJCL, NHPC, HDHPC, SSHL, HIDCLP, BHL, LEC, AKPL, GHL"
2026-03-19,21223494886.980003,0.268908258422659,"NGPL, NHPC, RIDI, AKJCL, UPPER, KBL, API, AKPL, HDHPC, NRN"
2026-03-22,23597712182.84,0.261713812061451,"KBL, NHPC, SHIVM, NGPL, HDHPC, AKJCL, RIDI, BHL, TAMOR, SSHL"
2026-03-23,15786313440.12,0.2872318794124698,"KBL, SHIVM, NHPC, NRN, NGPL, AKJCL, UNHPL, SHPC, SABBL, HPPL"
2026-03-24,14839183643.289999,0.2784489960112053,"RADHI, API, HIDCLP, NGPL, SHIVM, SHEL, KBL, NRN, RIDI, SYPNL"
2026-03-25,15090416846.15,0.27897022682140393,"NGPL, API, SHIVM, SMHL, SYPNL, KBL, NRN, HIDCL, RADHI, AKJCL"
2026-03-26,13162298717.48,0.340769719269731,"NRN, SYPNL, NHPC, RIDI, NGPL, AKJCL, KBL, API, SHIVM, RADHI"
2026-03-29,15033310867.98,0.29687487638574234,"RIDI, NGPL, SOHL, SHIVM, NHPC, SYPNL, API, RADHI, KBL, NRN"
2026-03-30,12966659168.04,0.29895762299781004,"RIDI, NGPL, SHIVM, API, NHPC, SYPNL, NRN, HURJA, KBL, AKJCL"
2026-03-31,11112418806.96,0.322666423187204,"RIDI, API, NRN, SYPNL, KBL, SHIVM, NGPL, NHPC, HRL, HURJA"
2026-04-01,12109525561.59,0.35715228626447754,"HRL, API, NGPL, SHIVM, NRIC, AKJCL, KBL, RIDI, NRN, NHPC"
2026-04-02,8819723335.29,0.3117170116322704,"SYPNL, NGPL, HRL, NRN, API, AKJCL, RIDI, NHPC, SHIVM, KBL"
2026-04-05,12380914570.47,0.2992699228486271,"HRL, SHIVM, NGPL, NHPC, NRN, API, KBL, RIDI, SYPNL, AKJCL"
2026-04-06,10928506863.02,0.375250382042286,"RSML, HRL, NRN, API, RIDI, NGPL, SYPNL, NHPC, AKJCL, SHIVM"
2026-04-07,6737148150.66,0.31678781883264956,"NGPL, RSML, AKJCL, SYPNL, NHPC, SHIVM, NRN, RIDI, HRL, SSHL"
2026-04-08,8318908441.52,0.3498326975778392,"SYPNL, RSML, SHIVM, NRN, NHPC, NGPL, RIDI, SAIL, AKJCL, SOHL"
2026-04-09,9919210211.240002,0.3516769792465079,"NHPC, RIDI, HRL, NRN, SYPNL, AKJCL, SHIVM, NGPL, RSML, SOHL"
2026-04-10,8993280967.98,0.35034638630974524,"NHPC, RSML, RIDI, SOHL, AKJCL, SHIVM, SYPNL, NRN, HDHPC, API"
2026-04-13,8665568641.79,0.43877784681820803,"NHPC, RIDI, RSML, AKJCL, SYPNL, SOHL, NGPL, HDHPC, NRN, SHIVM"
2026-04-15,10537008796.56,0.36753657344998386,"SHIVM, NHPC, RSML, SOHL, RIDI, NGPL, HDHPC, AKJCL, KBL, SSHL"
2026-04-16,9312860808.269999,0.3914114774122928,"RSML, NHPC, SYPNL, SOHL, RIDI, BEDC, AKJCL, SHIVM, NGPL, HHL"
2026-04-17,7460698098.4800005,0.40632976484031985,"NHPC, SOHL, RIDI, RSML, HDHPC, PRVU, SHIVM, SYPNL, NGPL, NRN"
2026-04-20,5434240276.299999,0.38804320316799834,"HFIN, SOHL, NHPC, AKJCL, RSML, RLEL, SHIVM, NGPL, SYPNL, NRN"
2026-04-21,5774317879.280001,0.34306324591312687,"SOHL, RSML, NHPC, HFIN, SYPNL, SHIVM, AKJCL, RIDI, MFIL, SABBL"
2026-04-22,7813947342.889999,0.33691963094625904,"NHPC, RSML, SOHL, HFIN, SYPNL, SHIVM, AKJCL, RIDI, NGPL, HRL"
2026-04-23,5095905757.17,0.375925841133269,"RSML, SOHL, AKJCL, HFIN, NHPC, SKHEL, RIDI, RLEL, NRN, SYPNL"
2026-04-24,5270399727.64,0.354643118926571,"RIDI, RSML, NHPC, SOHL, AKJCL, SYPNL, SHIVM, HFIN, CORBL, NRIC"
2026-04-27,4748809127.76,0.33947439960814396,"RSML, AKJCL, SOHL, NHPC, CORBL, HFIN, SHIVM, JHAPA, RIDI, PCIL"
2026-04-28,6531723226.360001,0.4060897827231064,"PCIL, RSML, CORBL, SOHL, KBL, NHPC, HFIN, RIDI, AKJCL, SIPD"
2026-04-29,4986303313.38,0.32803273240737724,"RSML, PCIL, CORBL, SOHL, NHPC, SYPNL, AKJCL, SHIVM, HFIN, SIPD"
2026-04-30,4916626848.559999,0.32351092468322173,"RSML, AKJCL, NHPC, SHIVM, NRN, SOHL, SYPNL, RIDI, CORBL, PCIL"
2026-05-04,4265390204.7200003,0.325852991611875,"NRN, RSML, NHPC, AKJCL, NICA, PCIL, NGPL, KBL, SOHL, CORBL"
2026-05-05,3439068392.7699995,0.27269253469095506,"SOHL, RSML, NHPC, AKJCL, PCIL, HDHPC, RIDI, JHAPA, HFIN, NRN"
2026-05-06,3197766779.16,0.3374370480774859,"SOHL, RSML, NHPC, NGPL, ULHC, JHAPA, RIDI, AKJCL, LBBL, SYPNL"
2026-05-07,2931968877.57,0.34423852371737984,"NRN, NHPC, RSML, SOHL, NGPL, AKJCL, RIDI, JHAPA, FOWAD, API"
2026-05-08,3286870559.3900003,0.3198075651007938,"HFIN, RSML, SOHL, NGPL, RIDI, SYPNL, AKJCL, JHAPA, MFIL, NHPC"
2026-05-11,4613563635.83,0.32515760895755347,"RSML, NHPC, SYPNL, RIDI, SAHAS, API, SOHL, SHIVM, NGPL, AKJCL"
2026-05-12,4665020677.74,0.30687215369290305,"NHPC, RSML, RIDI, SHIVM, SYPNL, SOHL, NGPL, AKJCL, HFIN, API"
2026-05-13,2807446361.5299997,0.35138013317639616,"SYPNL, RIDI, SAHAS, SOHL, RSML, NHPC, SHIVM, JHAPA, AKJCL, NGPL"
2026-05-14,3290244619.94,0.39652761466221675,"HRL, SAHAS, SYPNL, UNHPL, MEN, JHAPA, HFIN, RSML, AKJCL, CHDC"
2026-05-15,3097953486.7799997,0.3505852930118989,"UNHPL, API, RSML, SYPNL, NHPC, AKJCL, HRL, SOHL, RIDI, SAHAS"
2026-05-18,2450878449.2999997,0.2526296667127009,"SAHAS, RSML, SYPNL, API, SHIVM, SOHL, BPCL, JBBL, PCIL, NHPC"
2026-05-19,3087730962.64,0.2884849444066849,"CITY, SAHAS, AKJCL, CORBL, SYPNL, API, BUNGAL, RIDI, NHPC, HRL"
2026-05-20,3820896966.85,0.2821677417511806,"CORBL, AKJCL, API, RIDI, NHPC, BUNGAL, SHIVM, RSML, SOHL, BANDIPUR"
2026-05-21,3898418385.2699995,0.30688760568143597,"AKJCL, RIDI, BUNGAL, NRN, FMDBL, KBL, SBI, BANDIPUR, MFIL, API"
2026-05-22,4498516094.110001,0.3497756699948631,"AKJCL, RIDI, NHPC, API, BUNGAL, SAHAS, SOHL, RSML, HFIN, BANDIPUR"
2026-05-25,5986412600.490001,0.3352228905397768,"AKJCL, RIDI, API, NHPC, NGPL, SAHAS, RSML, SOHL, SHIVM, SYPNL"
2026-05-26,4854444170.67,0.31342466035406175,"AKJCL, RIDI, SAHAS, NGPL, API, BHCL, NIBD84, SHIVM, TAMOR, SOHL"
2026-05-27,6030064840.960001,0.4050298206596351,"AKJCL, RIDI, NHPC, API, NGPL, BUNGAL, SOHL, SAHAS, BHCL, MEN"
2026-06-01,5614374928.74,0.36840934434426803,"AKJCL, NRIC, HRL, RIDI, NHPC, SAHAS, API, BHCL, SHIVM, SBLD84"
2026-06-02,5265275299.01,0.3606150180707567,"AKJCL, NRIC, RIDI, CFCL, HRL, SHIVM, API, RSML, NRN, SOHL"
2026-06-03,5738178165.24,0.29644509428174115,"AKJCL, NRIC, RIDI, NICL, NHPC, NRN, SBLD84, API, NBBD2085, SBLPO"
2026-06-04,4703326944.969999,0.3515613820698461,"EBLD86, AKJCL, CFCL, NRIC, SAPDBL, RIDI, NICL, BHCL, API, NHPC"
2026-06-05,5625611823.700001,0.33525056772572914,"AKJCL, CITY, NBBD2085, CFCL, RIDI, RSML, BFC, EBLD86, RLFL, MFIL"
2026-06-08,4084896190.31,0.2814382651699049,"CFCL, LBLD88, AKJCL, CITY, RSML, NHPC, BFC, RIDI, RLFL, GMFIL"
2026-06-09,6443190291.71,0.36314676453223593,"ADBLB86, CFCL, NBBD2085, AKJCL, LBLD86, UHEWA, NRIC, RIDI, SHIVM, NHPC"
2026-06-10,4297464327.6,0.3109532442695778,"AKJCL, SAPDBL, CITY, UHEWA, CFCL, RIDI, BFC, EBLD91, API, SOHL"
2026-06-11,3906244894.06,0.37579555553012706,"CITY, CFCL, BUNGAL, PHCL, AKJCL, EBLD91, KHPL, SAPDBL, RSML, UHEWA"
2026-06-12,4341094764.19,0.3381639333952464,"CFCL, CITY, AKJCL, HDHPC, RSML, CIZBD90, SBLD89, UHEWA, PHCL, NHPC"
2026-06-15,4412048609.9,0.408737701586854,"AKJCL, NBBD2085, LSL, SYPNL, RSML, CITY, CFCL, NRIC, UHEWA, RAWA"
2026-06-16,4047858084.12,0.3339334589082713,"AKJCL, SBL, RSML, RAWA, BUNGAL, SYPNL, DOLTI, CFCL, CITY, SHIVM"
2026-06-17,3637589010.09,0.3789723203957812,"NRN, RSML, BUNGAL, CFCL, AKJCL, SHIVM, EBLD86, CITY, LSL, KBL"
2026-06-18,3414823798.6800003,0.3798798823826405,"AKJCL, UMHL, CHDC, BUNGAL, SBL, SHIVM, CITY, NRN, CFCL, NHPC"
2026-06-19,4534983568.16,0.37552339013015723,"GBILD86/87, GBILD84/85, SOPL, AKJCL, UMHL, NBLD87, BUNGAL, SOHL, NBLD85, CITY"
2026-06-22,4446520247.39,0.43009444079840775,"SOPL, NRN, NBBD2085, SWBBL, AKJCL, GBILD84/85, RSML, CFCL, BUNGAL, MFIL"
2026-06-23,4362194771.59,0.3361936383838845,"AKJCL, SOPL, RSML, NRN, BUNGAL, SHIVM, NICAD2091, NHPC, SAHAS, RIDI"
2026-06-24,4418607486.620001,0.2885227450640126,"AKJCL, SOPL, UMHL, SAPDBL, SAHAS, SHIVM, NRN, RLFL, NHPC, RIDI"
2026-06-25,2838279411.62,0.30628605768725803,"SOPL, RSML, SAPDBL, AKJCL, SBI, NRN, EBL, API, CFCL, SAHAS"
2026-06-26,3945804552.36,0.40131693052381223,"GBILD86/87, GBILD84/85, NBLD87, AKJCL, CITY, BOKD86, RSML, SOPL, SAPDBL, SHIVM"
2026-06-29,2671832965.38,0.2728483265406217,"GBIME, SOPL, NRN, RSML, AKJCL, CITY, API, SAHAS, CFCL, SYPNL"
2026-06-30,3258758014.1,0.2702655230272565,"SBL, TPKHL, AKJCL, NRN, YMHL, SOPL, RSML, SJLICP, SAHAS, API"
2026-07-01,3861183410.26,0.3428062069216417,"LSL, RSML, AKJCL, NRN, NIMBD90, RADHI, GBIME, SADBL, CHDC, CORBL"
2026-07-02,4117785700.2799997,0.44303618474510464,"LSL, NICAD85/86, RSML, EBLD85, NABIL, SBLD89, SBLD84, GBIME, AKJCL, SAHAS"
2026-07-03,4412340537.049999,0.35389745974683945,"ADBLB, KBLD89, NRN, BFC, CFCL, AKJCL, GBIME, CHDC, SHIVM, RSML"
2026-07-06,3557981498.91,0.37349036244485945,"NIBD84, CFCL, NRN, AKJCL, GBILD86/87, CITY, SHIVM, NIMBD90, RIDI, API"
2026-07-07,4400752542.1,0.32978864399120333,"KBLD90, ADBLD83, GBIME, GBBD85, CORBL, EBLD85, AKJCL, RSML, NABIL, CITY"
2026-07-08,4826084825.280001,0.40652229441204935,"KBLD89, NCCD86, SBD87, AKJCL, CIZBD90, GBILD84/85, NRN, MBLD2085, KBLD86, SGHL"
2026-07-09,4611954782.83,0.3928675398001593,"GBILD86/87, SBLD89, BOKD86, GBILD84/85, RSML, NMBD87/88, ADBLD83, ALICLP, AKJCL, NMBD2085"
2026-07-10,6860718658.0,0.4541992781130015,"NBLD87, RBBD83, SBD87, SBLD89, SCBD, KBLD89, NMBD89/90, BOKD86KA, GBILD84/85, RSML"
2026-07-13,7468416116.81,0.3545709905664819,"NMBD87/88, NICAD85/86, EBLD91, SAND2085, NMBD89/90, SBLD89, PBLD87, CHDC, NCCD86, SCBD"
2026-07-14,8417570425.82,0.3453961961496479,"KBLD90, NIMBD90, SBID2090, EBLD91, ADBLD83, NBLD85, SBLD84, NBLD87, NABILD87, AKJCL"
2026-07-15,4170398049.6400003,0.39805841930203784,"HBLD83, RBBD2088, NICD83/84, SBL, AKJCL, NBLD85, CORBL, RSML, HBLD86, NRN"
2026-07-16,4562950700.46,0.36908524988670616,"SHEL, SBD87, NRN, CCBD88, RIDI, AKJCL, CORBL, CIZBD90, NICAD85/86, SBL"
2026-07-17,4575094723.51,0.29291745274988745,"AKJCL, CORBL, RSML, RIDI, NGPL, NRN, NHPC, MFIL, KBL, CITY"
2026-07-20,5512688979.280001,0.3117161649348909,"AKJCL, RSML, RIDI, CORBL, NHPC, SYPNL, API, NRN, HRL, NGPL"
2026-07-21,6671017971.84,0.34574409529942113,"RIDI, AKJCL, RSML, HRL, NRN, NHPC, CORBL, API, SYPNL, SHIVM"
2026-07-22,5187467073.7699995,0.3818901001255463,"RIDI, NRN, RSML, AKJCL, NHPC, BFC, CITY, CORBL, SYPNL, HRL"
2026-07-23,4693449370.68,0.36632789697077245,"RSML, AKJCL, RIDI, SOHL, NRN, CORBL, BUNGAL, SAIL, SYPNL, NHPC"
2026-07-24,6267226722.57,0.2930675210911815,"RIDI, NRN, KBL, AKJCL, CORBL, RSML, KBSH, CFCL, SYPNL, SAIL"
2026-07-27,6080863354.65,0.2909697740283854,"RSML, GBIME, RIDI, KBL, CFCL, NRN, AKJCL, CHDC, HRL, CORBL"
2026-07-28,4427305542.17,0.34252403581721685,"CFCL, RIDI, SOHL, GBIME, RSML, AKJCL, NRN, KBL, SAIL, CORBL"
2026-07-29,4029330921.2799997,0.3655954090591392,"HPPL, KKHC, RSML, CORBL, CFCL, RIDI, NRN, GBIME, AKJCL, KBL"
2026-07-30,3381318248.0199995,0.32825850330709094,"RSML, CORBL, RIDI, KKHC, AKJCL, CFCL, SOHL, HPPL, NRN, GBIME"
2026-07-31,3759722340.7599998,0.2929332058274736,"RIDI, GBIME, CFCL, RSML, CORBL, SOHL, AKJCL, NRN, SBL, HPPL"
2026-08-03,4572084231.4,0.3463046519191475,"RSML, RIDI, GBIME, SAPDBL, NRN, SAIL, SAHAS, ECL, SBL, KBL"
2026-08-04,53692385.900000006,0.9384248186296373,"SHIVM, ECL, CREST, SBL, RSML, SAPDBL, CORBL, GRDBL, GBIME, HURJA"
2026-08-05,4409886457.71,0.4577173040296762,"SOHL, RIDI, KKHC, ECL, CFCL, NRN, AKJCL, NHPC, SBL, RSML"
2026-08-06,4622777442.29,0.40907295123064,"RIDI, AKJCL, SOHL, NHPC, KKHC, RSML, CFCL, ECL, MFIL, CORBL"
2026-08-07,3774361541.21,0.3854262976973939,"SOHL, RIDI, SANIMA, KKHC, AKJCL, SMJC, MKHC, CZBILP, NRN, RSML"
