source,url_hash,url,title,published,first_seen_utc
himalayantimes,00d7d8c1a5932af5,https://thehimalayantimes.com/nepal/rpp-opts-out-of-bagmati-power-game-says-no-deal-without-central-nod,"RPP opts out of Bagmati power game, says no deal without central nod",,2026-08-09T06:55:13+00:00
himalayantimes,043081717803edac,https://thehimalayantimes.com/business/indrive-launches-creator-fellowship-to-fund-six-original-content-projects-in-nepal,"inDrive launches creator fellowship, to fund six original content projects in Nepal",,2026-08-09T06:55:13+00:00
himalayantimes,08323acccbecb6c6,https://thehimalayantimes.com/nepal/silent-for-years-hetauda-textile-industrys-looms-start-running-again,"Silent for years, Hetauda Textile Industry's looms start running again",,2026-08-09T06:55:13+00:00
himalayantimes,1c600a8985a0e225,https://thehimalayantimes.com/nepal/nada-auto-show-to-begin-september-25-with-50-early-bird-ticket-discount,NADA Auto Show to begin September 25 with 50% early-bird ticket discount,,2026-08-09T06:55:13+00:00
himalayantimes,1eb0378cb59d2f42,https://thehimalayantimes.com/business/property-transaction-revenue-hits-record-high-ahead-of-capital-gains-tax-hike,Property transaction revenue hits record high ahead of capital gains tax hike,,2026-08-09T06:55:13+00:00
himalayantimes,1f766b67089e15e2,https://thehimalayantimes.com/nepal/three-arrested-in-kathmandu-for-online-betting-crypto-transactions,"Three arrested in Kathmandu for online betting, crypto transactions",,2026-08-09T06:55:13+00:00
himalayantimes,2c78290a7f8e90c1,https://thehimalayantimes.com/business/gold-price-drops-rs-4300-per-tola-silver-also-declines,"Gold price drops Rs 4,300 per tola; silver also declines",,2026-08-09T06:55:13+00:00
himalayantimes,307a60211767ad9a,https://thehimalayantimes.com/business/gold-price-jump-rs-5400-per-tola-silver-also-gains,"Gold price jump Rs 5,400 per tola; Silver also gains",,2026-08-09T06:55:13+00:00
himalayantimes,31ee26464187bfe6,https://thehimalayantimes.com/business/from-rs-10-crore-loss-to-rs-3-crore-profit-nepal-aushadhi-limiteds-turnaround-after-25-years,From Rs 10 crore loss to Rs 3 crore profit: Nepal Aushadhi Limited's turnaround after 25 years,,2026-08-09T06:55:13+00:00
himalayantimes,37a1e37866c4bd38,https://thehimalayantimes.com/nepal/smugglers-get-creative-modified-bicycles-used-to-transport-stolen-sal-timber-in-rautahat,Smugglers get creative: Modified bicycles used to transport stolen sal timber in Rautahat,,2026-08-09T06:55:13+00:00
himalayantimes,3ab99657c170b1f7,https://thehimalayantimes.com/environment/rain-to-continue-across-nepal-as-far-west-temperatures-climb-to-37c,Rain to continue across Nepal as far-west temperatures climb to 37°C,,2026-08-09T06:55:13+00:00
himalayantimes,3e66e1cdbe4fe51b,https://thehimalayantimes.com/business/nepals-shinta-mani-mustang-crowned-worlds-best-luxury-hotel,Nepal's Shinta Mani Mustang crowned world's best luxury hotel,,2026-08-09T06:55:13+00:00
himalayantimes,42ae92f84e1c3097,https://thehimalayantimes.com/nepal/seven-arrested-in-birgunj-for-allegedly-stealing-fuel-from-tankers,Seven arrested in Birgunj for allegedly stealing fuel from tankers,,2026-08-09T06:55:13+00:00
himalayantimes,438f764cc62a35c9,https://thehimalayantimes.com/nepal/nine-month-search-ends-as-five-yalung-ri-climbers-bodies-recovered,Nine-month search ends as five Yalung Ri climbers' bodies recovered,,2026-08-09T06:55:13+00:00
himalayantimes,4f6485af1bf0a87a,https://thehimalayantimes.com/business/standard-chartered-reaffirms-commitment-to-nepals-growth-during-south-asia-ceo-visit,Standard Chartered reaffirms commitment to Nepal's growth during South Asia CEO visit,,2026-08-09T06:55:13+00:00
himalayantimes,593d2ab765a4fae8,https://thehimalayantimes.com/business/ncell-launches-monsoon-offer-with-up-to-20-cashback,Ncell launches monsoon offer with Up to 20% cashback,,2026-08-09T06:55:13+00:00
himalayantimes,60125834674bbbb8,https://thehimalayantimes.com/kathmandu/55-young-leaders-selected-for-2026-usyc-nepal-cohort,55 young leaders selected for 2026 USYC Nepal cohort,,2026-08-09T06:55:13+00:00
himalayantimes,627fa2d610d83ff5,https://thehimalayantimes.com/nepal/bodies-spotted-at-5000m-on-yalung-ri-weather-halts-recovery,"Bodies spotted at 5,000m on Yalung Ri, weather halts recovery",,2026-08-09T06:55:13+00:00
himalayantimes,6e1ec12b7b3675d1,https://thehimalayantimes.com/nepal/new-ethnic-museum-opens-at-hetaudas-shahid-smarak-on-indigenous-day,New ethnic museum opens at Hetauda's Shahid Smarak on Indigenous Day,,2026-08-09T06:55:13+00:00
himalayantimes,7347ac8ec3462786,https://thehimalayantimes.com/sports/third-nepal-premier-league-set-for-october-26-november-21,Third Nepal Premier League set for October 26-November 21,,2026-08-09T06:55:13+00:00
himalayantimes,7e3e60de95bf6ef7,https://thehimalayantimes.com/business/gold-soars-rs-12200-per-tola-in-two-days-nears-rs-3-lakh-mark,"Gold soars Rs 12,200 per tola in two days, nears Rs 3 lakh mark",,2026-08-09T06:55:13+00:00
himalayantimes,84581909cdec0498,https://thehimalayantimes.com/nepal/the-first-few-hours-can-decide-a-snakebite-victims-fate-in-nepal,The first few hours can decide a snakebite victim's fate in Nepal,,2026-08-09T06:55:13+00:00
himalayantimes,8ec1285c775488d1,https://thehimalayantimes.com/business/chitwan-tourism-sees-monsoon-boost-as-two-day-weekend-drives-travel,Chitwan tourism sees monsoon boost as two-day weekend drives travel,,2026-08-09T06:55:13+00:00
himalayantimes,9027608fbadf8f2b,https://thehimalayantimes.com/business/standard-chartered-fiu-nepal-hold-workshop-to-strengthen-anti-money-laundering-compliance,"Standard Chartered, FIU-Nepal hold workshop to strengthen anti-money laundering compliance",,2026-08-09T06:55:13+00:00
himalayantimes,b4559692920c3627,https://thehimalayantimes.com/opinion/my-malaka-adversaries-you-do-not-need-meditation-to-awaken-awareness,My Malaka Adversaries: You do not need meditation to awaken awareness,,2026-08-09T06:55:13+00:00
himalayantimes,d23c98ea8ab578b3,https://thehimalayantimes.com/business/pm-shah-pledges-support-for-garment-industry-orders-formation-of-development-council,"PM Shah pledges support for garment industry, orders formation of development council",,2026-08-09T06:55:13+00:00
himalayantimes,d8b70276d1d41d95,https://thehimalayantimes.com/business/proton-launches-emas-5-electric-suv-in-nepal-introductory-price-starts-at-rs-2999-million,"Proton launches e.MAS 5 electric SUV in Nepal, introductory price starts at Rs 2.999 million",,2026-08-09T06:55:13+00:00
himalayantimes,dcf65c1daac929d2,https://thehimalayantimes.com/business/british-council-to-host-south-asia-english-teaching-conference,British Council to host South Asia English Teaching Conference,,2026-08-09T06:55:13+00:00
himalayantimes,ea3355d2bedc6b1f,https://thehimalayantimes.com/business/cdsc-to-suspend-mero-share-services-for-accounts-with-unpaid-annual-fees,CDSC to suspend Mero Share services for accounts with unpaid annual fees,,2026-08-09T06:55:13+00:00
himalayantimes,f2782460424e9b17,https://thehimalayantimes.com/business/gold-falls-rs-5800-silver-rs-155-on-friday,"Gold falls Rs 5,800, silver Rs 155 on Friday",,2026-08-09T06:55:13+00:00
himalayantimes,f732df089df90e9d,https://thehimalayantimes.com/business/2431-firms-penalised-in-gandaki-for-illegal-weighing-practices-in-fy-208283,"2,431 firms penalised in Gandaki for illegal weighing practices in FY 2082/83",,2026-08-09T06:55:13+00:00
merolagani,11fecdf75e5a4702,https://merolagani.com/NewsDetail.aspx?newsID=129440,"डिजिटल भुक्तानीमा गम्भीर जोखिम: केवाईसी प्रमाणित नगरी सेवा दिँदै वालेट कम्पनी, राष्ट्र बैंकले बढायो निगरानी",,2026-08-09T06:55:10+00:00
sharesansar,09172dc0b9b874b9,https://www.sharesansar.com/newsdetail/gumukhola-bhyakure-hydropower-appoints-rbb-merchant-banking-as-ipo-issue-and-sales-manager-2026-08-09,Gumukhola Bhyakure Hydropower Appoints RBB Merchant Banking as IPO Issue and Sales Manager,2026-08-09,2026-08-09T06:55:08+00:00
sharesansar,17c7e76fb64eb38a,https://www.sharesansar.com/newsdetail/mahalaxmi-bikas-bank-launches-nursing-care-and-day-care-facility-for-women-employees-2026-08-09,Mahalaxmi Bikas Bank Launches Nursing Care and Day Care Facility for Women Employees,2026-08-09,2026-08-09T06:55:08+00:00
sharesansar,28e8218f0ccc32d6,https://www.sharesansar.com/newsdetail/greenply-nepal-to-issue-1640-lakhs-shares-in-upcoming-ipo-2026-08-09,Greenply Nepal to Issue 16.40 Lakhs Shares in Upcoming IPO,2026-08-09,2026-08-09T06:55:08+00:00
sharesansar,4355c991fd65b4c6,https://www.sharesansar.com/newsdetail/kumari-bank-is-auctioning-320948-units-promoter-shares-from-today-2026-08-09,"Kumari Bank is Auctioning 3,20,948 Units Promoter Shares from Today",2026-08-09,2026-08-09T06:55:08+00:00
sharesansar,4e0c6fd3e5e224a1,https://www.sharesansar.com/newsdetail/yadea-launches-gs70-gt70-and-gt80-electric-scooters-in-nepal-2026-08-09,"YADEA Launches GS70, GT70 and GT80 Electric Scooters in Nepal",2026-08-09,2026-08-09T06:55:08+00:00
sharesansar,58d202d1c2a82fdb,https://www.sharesansar.com/newsdetail/byd-opens-authorized-service-centre-in-pokhara-strengthening-ev-support-network-2026-08-09,"BYD Opens Authorized Service Centre in Pokhara, Strengthening EV Support Network",2026-08-09,2026-08-09T06:55:08+00:00
sharesansar,a2c18eb04c952f60,https://www.sharesansar.com/newsdetail/nada-auto-show-2026-to-open-in-kathmandu-with-50pc-early-bird-ticket-discount-2026-08-09,NADA Auto Show 2026 to Open in Kathmandu With 50pc Early-Bird Ticket Discount,2026-08-09,2026-08-09T06:55:08+00:00
sharesansar,c7a17333f0524d63,https://www.sharesansar.com/newsdetail/hulas-finserv-reports-8445-surge-in-net-profit-to-rs-39872-million-2026-08-09,Hulas Finserv Reports 84.45% Surge in Net Profit to Rs. 398.72 Million,2026-08-09,2026-08-09T06:55:08+00:00
sharesansar,f6eb25ea1077e855,https://www.sharesansar.com/newsdetail/gold-price-crosses-rs-3-lakh-again-as-prices-rebound-strongly-silver-follows-uptrend-2026-08-09,Gold Price Crosses Rs. 3 Lakh Again as Prices Rebound Strongly; Silver Follows Uptrend,2026-08-09,2026-08-09T06:55:08+00:00
sharesansar,f8447e53cc0177f8,https://www.sharesansar.com/newsdetail/reliable-samriddhi-yojana-2-units-listed-on-nepse-trading-to-begin-shrawan-25-2026-08-09,"Reliable Samriddhi Yojana-2 Units Listed on NEPSE, Trading to Begin Shrawan 25",2026-08-09,2026-08-09T06:55:08+00:00
