symbol,fiscal_year,dividend_pct
ADBL,069-070,31.58
ADBL,070-071,8.0
ADBL,072-073,1.05
ADBL,073-074,1.05
ADBL,075-076,24.0
ADBL,076-077,0.78
ADBL,077-078,1.05
ADBL,078-079,11.0
ADBL,080-081,7.53
ADBL,081-082,9.75
AHPC,067-068,15.0
AHPC,068-069,0.75
AHPC,069-070,0.0
AHPC,070-071,0.53
AHPC,071-072,11.0
AHPC,072-073,0.53
AHPC,073-074,0.53
AHPC,075-076,0.0
AHPC,076-077,0.26
AHPC,077-078,0.53
AHPC,078-079,0.42
AHPC,080-081,1.0
AHPC,081-082,0.26
AKJCL,081-082,1.0
AKPL,076-077,0.29
AKPL,077-078,0.89
AKPL,078-079,0.53
AKPL,080-081,1.0
ALBSL,075-076,0.63
ALBSL,076-077,0.79
ALBSL,077-078,1.32
ALBSL,078-079,0.71
ALBSL,080-081,0.75
ALBSL,081-082,0.5
ALICL,067-068,1.42
ALICL,070-071,1.5
ALICL,072-073,1.05
ALICL,073-074,0.21
ALICL,074-075,2.0
ALICL,075-076,1.0
ALICL,076-077,2.0
ALICL,077-078,0.76
ALICL,078-079,0.45
ALICL,079-080,0.41
ALICL,080-081,0.27
ALICL,081-082,5.53
ALICL,082-083,1.0
ANLB,079-080,5.0
ANLB,080-081,0.75
ANLB,081-082,0.75
API,075-076,0.26
API,076-077,1.0
API,077-078,1.0
API,078-079,1.0
API,080-081,1.0
API,081-082,0.26
BARUN,073-074,0.26
BARUN,076-077,0.26
BARUN,079-080,1.0
BARUN,081-082,0.25
BBC,080-081,14.0
BFC,074-075,1.0
BGWT,079-080,10.53
BGWT,080-081,10.74
BGWT,081-082,6.0
BHDC,077-078,10.0
BHDC,078-079,0.03
BHDC,079-080,5.26
BHDC,081-082,0.26
BHL,081-082,1.0
BNHC,082-083,1.0
BNL,067-068,55.0
BNL,068-069,70.0
BNL,069-070,60.0
BNL,074-075,20.0
BNL,078-079,20.0
BNT,067-068,55.0
BNT,068-069,85.0
BNT,070-071,22.0
BNT,071-072,0.0
BNT,072-073,25.0
BNT,073-074,25.0
BNT,074-075,40.0
BNT,075-076,40.0
BNT,078-079,60.0
BNT,079-080,60.0
BNT,080-081,50.0
BPCL,067-068,25.0
BPCL,068-069,25.0
BPCL,069-070,0.0
BPCL,070-071,15.0
BPCL,071-072,20.0
BPCL,072-073,20.0
BPCL,073-074,20.0
BPCL,074-075,18.0
BPCL,075-076,18.0
BPCL,076-077,15.0
BPCL,077-078,10.0
BPCL,078-079,7.5
BPCL,079-080,5.0
BPCL,080-081,5.0
BPCL,081-082,6.0
CBBL,067-068,25.0
CBBL,068-069,17.11
CBBL,069-070,15.0
CBBL,070-071,10.0
CBBL,071-072,12.7
CBBL,072-073,12.7
CBBL,073-074,25.11
CBBL,074-075,22.0
CBBL,075-076,0.0
CBBL,076-077,7.0
CBBL,077-078,3.0
CBBL,078-079,3.26
CBBL,079-080,10.0
CBBL,080-081,7.0
CBBL,081-082,12.5
CFCL,070-071,1.74
CFCL,071-072,1.74
CFCL,072-073,1.74
CFCL,074-075,7.0
CFCL,075-076,0.0
CFCL,076-077,3.0
CFCL,077-078,3.3
CFCL,078-079,5.0
CGH,081-082,0.26
CHCL,066-067,60.0
CHCL,067-068,30.0
CHCL,068-069,20.0
CHCL,069-070,0.0
CHCL,070-071,15.0
CHCL,071-072,12.0
CHCL,072-073,10.0
CHCL,073-074,0.0
CHCL,074-075,5.0
CHCL,075-076,5.0
CHCL,076-077,10.0
CHCL,077-078,7.5
CHCL,078-079,7.5
CHCL,079-080,5.0
CHCL,080-081,2.0
CHCL,081-082,4.0
CHDC,072-073,100.0
CHDC,078-079,0.58
CHL,075-076,0.26
CHL,076-077,0.26
CHL,078-079,10.0
CHL,081-082,1.0
CIT,069-070,2.63
CIT,071-072,1.15
CIT,073-074,1.16
CIT,074-075,1.16
CIT,075-076,1.16
CIT,076-077,8.89
CIT,077-078,100.0
CIT,078-079,1.32
CIT,079-080,0.74
CIT,080-081,6.0
CIT,081-082,8.0
CITY,082-083,1.0
CLI,079-080,0.26
CLI,080-081,1.42
CLI,081-082,20.0
CORBL,078-079,1.0
CYCL,078-079,1.58
CZBIL,066-067,12.63
CZBIL,067-068,0.0
CZBIL,068-069,8.42
CZBIL,069-070,15.0
CZBIL,070-071,5.95
CZBIL,071-072,10.0
CZBIL,072-073,10.0
CZBIL,073-074,0.85
CZBIL,074-075,1.6
CZBIL,075-076,12.0
CZBIL,076-077,3.0
CZBIL,077-078,3.09
CZBIL,078-079,9.0
CZBIL,079-080,5.79
CZBIL,080-081,0.21
CZBIL,081-082,0.26
DDBL,066-067,27.19
DDBL,067-068,28.0
DDBL,068-069,25.0
DDBL,069-070,15.0
DDBL,070-071,15.0
DDBL,071-072,2.63
DDBL,072-073,17.63
DDBL,073-074,15.0
DDBL,074-075,10.0
DDBL,075-076,0.0
DDBL,076-077,5.0
DDBL,077-078,1.05
DDBL,078-079,11.05
DDBL,079-080,0.53
DDBL,080-081,0.5
DDBL,081-082,5.0
DORDI,081-082,1.0
EBL,066-067,30.0
EBL,067-068,50.53
EBL,068-069,1.58
EBL,069-070,50.53
EBL,070-071,50.63
EBL,073-074,1.74
EBL,076-077,5.53
EBL,077-078,4.32
EBL,078-079,7.68
EBL,079-080,10.53
EBL,080-081,5.53
EBL,081-082,14.0
EDBL,067-068,25.0
EDBL,069-070,1.0
EDBL,070-071,0.0
EDBL,071-072,4.0
EDBL,072-073,2.0
EDBL,073-074,2.0
EDBL,074-075,55.0
EDBL,075-076,0.0
EDBL,076-077,0.63
EDBL,077-078,0.45
EDBL,078-079,10.0
ENL,075-076,5.27
ENL,079-080,8.42
ENL,081-082,5.26
FMDBL,068-069,15.79
FMDBL,069-070,15.0
FMDBL,070-071,15.79
FMDBL,071-072,1.0
FMDBL,072-073,0.79
FMDBL,073-074,2.0
FMDBL,074-075,12.63
FMDBL,075-076,0.89
FMDBL,076-077,4.18
FMDBL,077-078,0.53
FMDBL,078-079,1.0
FMDBL,079-080,7.5
FMDBL,080-081,0.47
FMDBL,081-082,6.5
FOWAD,073-074,15.0
FOWAD,074-075,20.0
FOWAD,076-077,6.58
FOWAD,077-078,7.0
FOWAD,078-079,5.0
FOWAD,080-081,0.7
GBBL,067-068,18.0
GBBL,068-069,15.0
GBBL,069-070,10.0
GBBL,070-071,0.0
GBBL,072-073,0.0
GBBL,075-076,0.0
GBBL,076-077,0.71
GBBL,078-079,1.5
GBBL,079-080,0.5
GBBL,080-081,5.0
GBBL,081-082,4.53
GBIME,066-067,5.0
GBIME,067-068,5.35
GBIME,068-069,10.0
GBIME,073-074,10.0
GBIME,076-077,2.0
GBIME,077-078,3.5
GBIME,078-079,10.6
GBIME,079-080,8.0
GBIME,080-081,0.0
GBIME,081-082,8.0
GBLBS,075-076,1.0
GCIL,081-082,0.53
GFCL,068-069,5.5
GFCL,069-070,7.37
GFCL,070-071,7.72
GFCL,071-072,0.53
GFCL,072-073,1.32
GFCL,073-074,10.0
GFCL,074-075,5.26
GFCL,075-076,10.0
GFCL,076-077,3.6
GFCL,077-078,3.9
GILB,071-072,0.68
GILB,072-073,20.0
GILB,073-074,2.0
GILB,074-075,0.79
GILB,075-076,0.92
GILB,076-077,1.45
GILB,078-079,8.0
GILB,079-080,10.0
GILB,081-082,0.25
GLBSL,075-076,0.0
GLBSL,077-078,0.89
GLBSL,078-079,0.21
GLBSL,080-081,0.75
GLBSL,081-082,0.75
GMFBS,075-076,0.37
GMFBS,076-077,0.79
GMFBS,077-078,1.0
GMFIL,067-068,0.79
GMFIL,068-069,0.79
GMFIL,069-070,2.0
GMFIL,070-071,1.25
GMFIL,071-072,0.79
GMFIL,072-073,0.63
GMFIL,073-074,2.0
GMFIL,074-075,10.0
GMFIL,075-076,6.5
GMFIL,076-077,3.4
GMFIL,077-078,0.53
GMFIL,078-079,0.34
GRDBL,072-073,1.0
GRDBL,076-077,0.2
GRDBL,078-079,0.2
GRDBL,079-080,0.2
GRDBL,080-081,0.3
GRDBL,081-082,0.42
GUFL,073-074,2.0
GVL,080-081,0.53
HATHY,072-073,15.0
HATHY,077-078,30.0
HATHY,078-079,10.0
HATHY,079-080,0.53
HATHY,080-081,0.26
HATHY,081-082,0.63
HBL,066-067,11.84
HBL,067-068,16.84
HBL,068-069,13.42
HBL,069-070,10.0
HBL,071-072,7.11
HBL,072-073,1.58
HBL,073-074,1.32
HBL,076-077,6.0
HBL,077-078,4.62
HBL,078-079,11.11
HDHPC,079-080,1.0
HDL,070-071,10.52
HDL,071-072,20.0
HDL,072-073,20.0
HDL,073-074,21.05
HDL,074-075,21.05
HDL,076-077,50.0
HDL,077-078,25.0
HDL,078-079,10.0
HDL,079-080,15.0
HDL,080-081,5.0
HDL,081-082,5.0
HEI,078-079,0.14
HEI,079-080,6.37
HEI,080-081,8.75
HEI,081-082,8.0
HIDCL,072-073,5.0
HIDCL,073-074,5.0
HIDCL,074-075,1.0
HIDCL,075-076,12.0
HIDCL,077-078,0.42
HIDCL,078-079,1.0
HIDCL,079-080,5.26
HIDCL,080-081,5.25
HIDCL,081-082,2.0
HLBSL,072-073,0.26
HLBSL,073-074,0.23
HLBSL,074-075,3.89
HLBSL,076-077,0.18
HLBSL,077-078,1.0
HLBSL,078-079,0.58
HLBSL,081-082,0.35
HLI,077-078,0.0
HLI,080-081,8.0
HLI,081-082,0.0
HLI,082-083,0.0
HPPL,082-083,1.0
HRL,079-080,0.21
HRL,080-081,0.24
HURJA,081-082,1.0
ICFC,066-067,15.0
ICFC,067-068,7.0
ICFC,068-069,8.42
ICFC,069-070,10.79
ICFC,070-071,0.74
ICFC,071-072,0.55
ICFC,072-073,2.0
ICFC,073-074,11.05
ICFC,074-075,8.0
ICFC,075-076,0.0
ICFC,076-077,4.5
ICFC,077-078,4.0
ICFC,078-079,5.0
ICFC,079-080,6.5
ICFC,080-081,5.26
ICFC,081-082,15.79
IGI,067-068,2.0
IGI,073-074,10.0
IGI,076-077,0.37
IGI,077-078,0.37
IGI,078-079,10.0
IGI,080-081,9.74
IGI,081-082,5.0
ILBS,075-076,0.0
ILBS,076-077,0.75
ILBS,077-078,1.46
ILBS,078-079,0.0
ILI,079-080,1.32
ILI,080-081,21.05
ILI,081-082,10.53
JBBL,067-068,8.5
JBBL,069-070,5.6
JBBL,071-072,0.47
JBBL,072-073,1.0
JBBL,074-075,8.4
JBBL,077-078,4.5
JBBL,078-079,3.8
JBLB,077-078,3.68
JBLB,078-079,0.71
JBLB,079-080,0.74
JBLB,080-081,0.74
JBLB,081-082,0.74
JFL,067-068,35.0
JFL,070-071,7.0
JFL,074-075,0.0
JFL,075-076,1.16
JFL,077-078,0.79
JOSHI,082-083,1.0
JSLBB,073-074,1.05
JSLBB,074-075,1.05
JSLBB,075-076,1.0
JSLBB,076-077,2.6
JSLBB,077-078,1.32
JSLBB,078-079,0.79
KBL,066-067,12.0
KBL,067-068,0.44
KBL,069-070,0.74
KBL,071-072,0.58
KBL,072-073,2.0
KBL,076-077,3.15
KBL,077-078,2.67
KBL,078-079,12.5
KBSH,075-076,5.25
KBSH,077-078,6.5
KBSH,078-079,8.5
KBSH,080-081,0.53
KBSH,081-082,0.53
KDL,081-082,0.26
KKHC,082-083,1.0
KMCDB,073-074,1.12
KMCDB,074-075,0.42
KMCDB,075-076,0.63
KMCDB,078-079,1.0
KMCDB,080-081,0.5
KMCDB,081-082,0.53
KPCL,077-078,0.79
KPCL,078-079,0.79
KPCL,079-080,0.53
KPCL,080-081,0.37
KPCL,081-082,0.37
KSBBL,067-068,15.0
KSBBL,068-069,15.0
KSBBL,069-070,6.0
KSBBL,070-071,1.11
KSBBL,073-074,6.5
KSBBL,074-075,8.0
KSBBL,075-076,0.0
KSBBL,076-077,0.23
KSBBL,077-078,0.97
KSBBL,078-079,0.23
KSBBL,080-081,5.0
KSBBL,081-082,5.79
LBBL,073-074,10.0
LBBL,075-076,0.0
LBBL,076-077,3.0
LBBL,077-078,0.68
LBBL,078-079,9.0
LBBL,079-080,4.5
LBBL,080-081,4.0
LEC,081-082,1.0
LICN,068-069,3.26
LICN,069-070,0.0
LICN,070-071,1.58
LICN,071-072,1.32
LICN,072-073,1.31
LICN,073-074,0.63
LICN,074-075,35.54
LICN,075-076,0.53
LICN,076-077,1.05
LICN,080-081,0.53
LICN,081-082,21.05
LLBS,071-072,0.0
LLBS,072-073,21.05
LLBS,073-074,16.32
LLBS,074-075,26.32
LLBS,075-076,0.0
LLBS,076-077,8.16
LLBS,077-078,7.37
LLBS,078-079,5.0
LSL,079-080,0.37
LSL,080-081,0.26
LSL,081-082,0.53
MANDU,079-080,10.0
MANDU,080-081,12.0
MANDU,081-082,0.53
MBL,070-071,0.0
MBL,071-072,2.0
MBL,072-073,10.0
MBL,074-075,10.0
MBL,076-077,3.37
MBL,077-078,0.7
MBL,079-080,0.7
MBL,081-082,4.0
MDB,067-068,10.53
MDB,068-069,1.05
MDB,069-070,5.0
MDB,070-071,1.32
MDB,071-072,2.0
MDB,072-073,1.58
MDB,073-074,1.66
MDB,074-075,0.89
MDB,075-076,0.98
MDB,076-077,0.79
MDB,077-078,0.7
MDB,078-079,0.65
MDB,079-080,0.5
MDB,080-081,0.5
MDB,081-082,10.0
MEN,078-079,10.53
MEN,079-080,0.79
MEN,080-081,0.79
MEN,081-082,1.05
MERO,072-073,10.0
MERO,073-074,12.11
MERO,074-075,11.32
MERO,075-076,1.58
MERO,076-077,0.89
MERO,077-078,1.05
MERO,078-079,10.0
MERO,080-081,0.39
MERO,081-082,0.25
MFIL,068-069,8.0
MFIL,070-071,7.5
MFIL,071-072,0.6
MFIL,072-073,0.74
MFIL,073-074,1.0
MFIL,074-075,9.0
MFIL,075-076,0.0
MFIL,076-077,5.5
MFIL,077-078,6.0
MFIL,079-080,5.26
MFIL,080-081,6.35
MFIL,081-082,15.0
MHL,078-079,5.0
MHL,079-080,0.25
MHL,080-081,0.26
MKCL,079-080,1.0
MKCL,081-082,0.42
MKHL,078-079,10.0
MKJC,079-080,0.12
MLBBL,070-071,1.05
MLBBL,071-072,2.0
MLBBL,072-073,0.66
MLBBL,073-074,0.78
MLBBL,074-075,0.55
MLBBL,075-076,0.0
MLBBL,076-077,0.63
MLBBL,077-078,1.32
MLBBL,078-079,0.79
MLBBL,080-081,0.75
MLBBL,081-082,0.75
MLBL,073-074,9.0
MLBL,074-075,7.0
MLBL,075-076,0.0
MLBL,076-077,0.46
MLBL,077-078,1.05
MLBL,078-079,6.47
MLBL,079-080,6.4
MLBL,080-081,4.0
MLBL,081-082,5.37
MLBSL,077-078,2.5
MLBSL,078-079,2.5
MNBBL,067-068,25.0
MNBBL,068-069,27.5
MNBBL,069-070,7.5
MNBBL,070-071,2.0
MNBBL,071-072,50.0
MNBBL,072-073,2.0
MNBBL,073-074,1.05
MNBBL,074-075,0.96
MNBBL,075-076,0.0
MNBBL,076-077,4.26
MNBBL,077-078,0.93
MNBBL,078-079,0.71
MNBBL,079-080,0.51
MNBBL,081-082,4.67
MPFL,068-069,10.0
MPFL,075-076,1.0
MPFL,077-078,0.68
MPFL,080-081,1.0
MSHL,081-082,0.79
MSLB,073-074,10.0
MSLB,074-075,1.05
MSLB,075-076,2.0
MSLB,076-077,1.05
MSLB,078-079,0.75
MSLB,081-082,0.25
NABBC,078-079,1.0
NABBC,082-083,1.0
NABIL,067-068,30.0
NABIL,068-069,40.0
NABIL,069-070,40.0
NABIL,070-071,0.0
NABIL,071-072,6.84
NABIL,072-073,15.0
NABIL,073-074,18.0
NABIL,074-075,0.0
NABIL,075-076,0.0
NABIL,076-077,1.76
NABIL,077-078,4.4
NABIL,078-079,11.5
NABIL,079-080,11.0
NABIL,080-081,10.0
NABIL,081-082,12.5
NADEP,074-075,1.58
NADEP,075-076,0.53
NADEP,077-078,1.05
NADEP,078-079,0.0
NBL,071-072,1.0
NBL,072-073,100.0
NBL,075-076,10.0
NBL,076-077,4.0
NBL,077-078,3.0
NBL,078-079,10.0
NESDO,078-079,17.93
NESDO,080-081,0.75
NFS,066-067,1.42
NFS,067-068,1.16
NFS,077-078,1.0
NFS,078-079,1.0
NGPL,072-073,5.0
NGPL,073-074,0.53
NGPL,074-075,10.0
NGPL,075-076,10.0
NGPL,076-077,0.53
NGPL,077-078,1.05
NGPL,078-079,1.0
NGPL,081-082,1.0
NHDL,074-075,0.21
NHDL,076-077,0.79
NHDL,077-078,0.37
NHDL,078-079,0.26
NHDL,079-080,0.37
NHDL,080-081,0.42
NHDL,081-082,0.47
NHPC,077-078,0.98
NHPC,079-080,10.0
NICA,067-068,20.0
NICA,069-070,20.0
NICA,070-071,0.0
NICA,071-072,0.0
NICA,072-073,1.37
NICA,073-074,1.05
NICA,074-075,0.53
NICA,075-076,11.05
NICA,076-077,1.0
NICA,079-080,1.53
NICL,068-069,1.05
NICL,070-071,1.0
NICL,074-075,1.0
NICL,075-076,2.89
NICL,076-077,2.0
NICL,077-078,0.58
NICL,078-079,0.42
NICL,079-080,0.53
NICL,080-081,0.79
NICL,081-082,6.32
NICL,082-083,10.0
NICLBSL,077-078,5.42
NICLBSL,078-079,14.75
NICLBSL,079-080,15.0
NIFRA,077-078,0.42
NIFRA,078-079,4.21
NIFRA,079-080,4.21
NIFRA,081-082,6.32
NIL,070-071,0.67
NIL,071-072,0.79
NIL,072-073,1.05
NIL,073-074,1.0
NIL,076-077,0.83
NIL,077-078,0.79
NIL,078-079,0.79
NIL,080-081,0.37
NIL,081-082,12.79
NLG,069-070,11.05
NLG,070-071,6.05
NLG,072-073,1.32
NLG,073-074,1.32
NLG,075-076,0.37
NLG,076-077,0.53
NLG,077-078,0.53
NLG,078-079,0.53
NLG,079-080,0.29
NLG,080-081,0.13
NLG,081-082,10.0
NLIC,068-069,56.31
NLIC,069-070,0.0
NLIC,070-071,8.0
NLIC,071-072,1.31
NLIC,072-073,1.32
NLIC,073-074,28.53
NLIC,074-075,23.5
NLIC,075-076,20.0
NLIC,076-077,0.74
NLIC,077-078,15.79
NLIC,078-079,0.0
NLIC,079-080,21.05
NLIC,080-081,11.05
NLIC,081-082,16.05
NLICL,067-068,1.58
NLICL,069-070,0.0
NLICL,070-071,8.0
NLICL,071-072,1.58
NLICL,072-073,1.32
NLICL,074-075,12.0
NLICL,075-076,0.53
NLICL,076-077,1.0
NLICL,077-078,0.79
NLICL,078-079,6.5
NLICL,079-080,10.0
NLICL,080-081,10.0
NLICL,081-082,8.5
NLO,069-070,20.0
NLO,070-071,20.0
NLO,071-072,10.0
NLO,072-073,10.0
NLO,073-074,25.0
NLO,074-075,30.0
NLO,075-076,30.0
NLO,076-077,10.0
NLO,077-078,5.0
NLO,078-079,5.0
NLO,079-080,5.0
NLO,080-081,5.0
NLO,081-082,1.05
NMB,067-068,9.0
NMB,069-070,10.0
NMB,071-072,0.42
NMB,073-074,0.79
NMB,075-076,14.0
NMB,076-077,3.2
NMB,077-078,3.3
NMB,078-079,8.25
NMB,081-082,5.0
NMBMF,071-072,0.79
NMBMF,072-073,1.32
NMBMF,073-074,0.0
NMBMF,074-075,0.79
NMBMF,075-076,1.0
NMBMF,076-077,1.0
NMBMF,077-078,1.13
NMBMF,078-079,0.53
NMFBS,073-074,15.0
NMFBS,074-075,15.0
NMFBS,075-076,0.0
NMFBS,076-077,6.0
NMFBS,077-078,5.0
NMFBS,079-080,7.5
NMFBS,080-081,0.75
NMFBS,081-082,0.75
NRIC,076-077,2.5
NRIC,077-078,0.26
NRIC,078-079,0.25
NRIC,079-080,0.25
NRN,076-077,0.15
NRN,077-078,0.26
NRN,078-079,5.26
NRN,080-081,0.26
NRN,081-082,2.11
NTC,067-068,45.0
NTC,068-069,48.0
NTC,069-070,46.0
NTC,070-071,47.0
NTC,071-072,50.0
NTC,072-073,0.0
NTC,073-074,0.0
NTC,074-075,55.0
NTC,075-076,45.0
NTC,076-077,40.0
NTC,077-078,20.0
NTC,078-079,40.0
NTC,079-080,40.0
NTC,080-081,30.0
NTC,081-082,30.0
NUBL,067-068,0.42
NUBL,068-069,11.87
NUBL,069-070,11.58
NUBL,070-071,12.63
NUBL,071-072,13.1
NUBL,072-073,11.58
NUBL,073-074,14.04
NUBL,074-075,22.11
NUBL,075-076,0.0
NUBL,076-077,0.68
NUBL,077-078,1.55
NUBL,078-079,1.0
NUBL,081-082,7.0
OHL,071-072,1.05
OHL,072-073,6.32
OHL,073-074,6.21
OHL,074-075,11.32
OHL,075-076,10.79
OHL,079-080,5.26
OHL,080-081,0.26
PCBL,067-068,12.63
PCBL,068-069,7.58
PCBL,069-070,5.0
PCBL,071-072,0.95
PCBL,072-073,1.21
PCBL,077-078,0.63
PCBL,078-079,4.95
PCBL,080-081,5.0
PCBL,081-082,0.42
PMLI,079-080,0.53
PMLI,080-081,0.42
PMLI,081-082,4.42
PPCL,078-079,7.0
PRIN,073-074,1.01
PRIN,074-075,1.0
PRIN,075-076,0.0
PRIN,076-077,0.53
PRIN,077-078,0.58
PRIN,078-079,0.35
PRIN,079-080,0.25
PRIN,080-081,0.95
PRIN,081-082,0.46
PROFL,074-075,1.0
PROFL,077-078,0.32
PRVU,072-073,10.0
PRVU,074-075,0.42
PRVU,075-076,0.0
PRVU,076-077,0.53
PRVU,077-078,0.63
PRVU,078-079,1.5
RADHI,073-074,0.0
RADHI,074-075,5.0
RADHI,078-079,0.25
RADHI,079-080,1.0
RADHI,080-081,0.25
RBCL,062-063,6.0
RFPL,082-083,1.0
RHGCL,074-075,100.0
RHGCL,081-082,1.0
RIDI,078-079,2.1
RIDI,079-080,0.0
RIDI,080-081,1.0
RLFL,068-069,4.08
RLFL,069-070,8.0
RLFL,071-072,1.05
RLFL,072-073,0.0
RLFL,073-074,10.0
RLFL,074-075,0.0
RLFL,075-076,0.0
RLFL,076-077,0.53
RLFL,077-078,0.79
RLFL,078-079,0.34
RNLI,079-080,0.84
RNLI,080-081,0.63
RNLI,081-082,12.0
RSDC,072-073,1.0
RSDC,073-074,5.0
RSDC,074-075,0.53
RSDC,075-076,10.0
RSDC,076-077,3.63
RSDC,077-078,0.53
RSDC,078-079,3.0
RSDC,079-080,0.45
RSDC,080-081,0.5
RSDC,081-082,8.0
RURU,077-078,0.53
RURU,078-079,0.53
RURU,079-080,10.53
RURU,080-081,0.79
RURU,081-082,5.79
SADBL,068-069,11.0
SADBL,069-070,19.17
SADBL,070-071,6.3
SADBL,072-073,0.85
SADBL,073-074,9.3
SADBL,074-075,5.45
SADBL,075-076,0.0
SADBL,076-077,0.26
SADBL,077-078,0.53
SADBL,078-079,0.45
SADBL,079-080,0.26
SADBL,080-081,0.19
SADBL,081-082,5.36
SAGAR,080-081,2.0
SAHAS,080-081,0.42
SAHAS,081-082,1.11
SALICO,074-075,0.0
SALICO,079-080,5.0
SALICO,080-081,15.0
SALICO,081-082,15.0
SANIMA,067-068,6.5
SANIMA,068-069,5.5
SANIMA,069-070,0.53
SANIMA,070-071,0.79
SANIMA,071-072,2.0
SANIMA,072-073,0.79
SANIMA,074-075,14.0
SANIMA,075-076,11.05
SANIMA,076-077,3.6
SANIMA,077-078,0.89
SANIMA,078-079,0.98
SANIMA,079-080,5.7
SANIMA,080-081,5.26
SANIMA,081-082,7.37
SANVI,079-080,5.25
SAPDBL,071-072,1.0
SAPDBL,072-073,1.0
SAPDBL,073-074,0.25
SAPDBL,074-075,5.04
SARBTM,079-080,15.0
SARBTM,080-081,3.0
SARBTM,081-082,15.0
SBI,067-068,5.0
SBI,068-069,5.0
SBI,069-070,7.5
SBI,070-071,0.0
SBI,071-072,1.42
SBI,072-073,1.53
SBI,073-074,0.81
SBI,074-075,0.0
SBI,075-076,0.0
SBI,076-077,3.47
SBI,077-078,1.81
SBI,078-079,7.53
SBI,079-080,6.8
SBI,080-081,6.85
SBI,081-082,5.0
SBL,067-068,12.79
SBL,068-069,8.42
SBL,069-070,10.11
SBL,070-071,0.0
SBL,071-072,1.05
SBL,072-073,10.0
SBL,074-075,8.16
SBL,075-076,15.26
SBL,076-077,3.0
SBL,077-078,0.75
SBL,078-079,0.66
SBL,079-080,4.21
SBL,080-081,4.0
SBL,081-082,5.53
SCB,067-068,50.0
SCB,068-069,45.0
SCB,069-070,40.0
SCB,070-071,0.0
SCB,071-072,19.21
SCB,072-073,1.75
SCB,073-074,5.26
SCB,074-075,17.5
SCB,076-077,4.84
SCB,077-078,3.06
SCB,078-079,16.51
SCB,079-080,19.0
SCB,080-081,19.0
SCB,081-082,19.0
SGIC,080-081,0.39
SGIC,081-082,0.26
SHEL,080-081,1.0
SHINE,067-068,15.0
SHINE,068-069,0.89
SHINE,069-070,2.0
SHINE,070-071,12.0
SHINE,071-072,1.42
SHINE,074-075,0.93
SHINE,077-078,0.57
SHINE,078-079,0.7
SHINE,079-080,0.55
SHINE,080-081,5.0
SHINE,081-082,10.0
SHIVM,074-075,15.79
SHIVM,075-076,15.79
SHIVM,076-077,24.21
SHIVM,077-078,29.0
SHIVM,078-079,10.53
SHIVM,079-080,0.75
SHIVM,080-081,0.45
SHIVM,081-082,10.0
SHL,066-067,32.63
SHL,067-068,32.63
SHL,068-069,32.63
SHL,069-070,12.63
SHL,070-071,17.89
SHL,071-072,6.58
SHL,072-073,0.0
SHL,073-074,6.05
SHL,074-075,16.32
SHL,075-076,0.0
SHL,078-079,21.32
SHL,079-080,26.58
SHL,080-081,26.84
SHL,081-082,16.58
SHPC,073-074,1.0
SHPC,074-075,5.0
SHPC,075-076,0.53
SHPC,076-077,5.0
SHPC,077-078,0.53
SHPC,078-079,5.26
SHPC,079-080,0.53
SHPC,080-081,0.53
SICL,070-071,1.05
SICL,071-072,1.26
SICL,072-073,3.16
SICL,073-074,1.53
SICL,075-076,1.46
SICL,076-077,1.46
SICL,078-079,1.0
SICL,080-081,0.53
SICL,081-082,0.32
SIFC,067-068,7.11
SIFC,068-069,15.79
SIFC,069-070,10.04
SIFC,070-071,0.63
SIFC,071-072,0.61
SIFC,072-073,0.55
SIFC,074-075,10.0
SIFC,075-076,0.0
SIFC,076-077,3.16
SIFC,077-078,3.3
SIFC,078-079,5.2
SIFC,079-080,5.05
SIFC,080-081,0.1
SIFC,081-082,6.4
SIKLES,076-077,3.6
SIKLES,077-078,10.53
SIKLES,078-079,10.53
SIKLES,079-080,6.0
SIKLES,081-082,0.79
SINDU,069-070,4.5
SINDU,070-071,0.4
SINDU,071-072,0.66
SINDU,072-073,10.0
SINDU,075-076,0.0
SJLIC,079-080,24.74
SJLIC,080-081,20.0
SJLIC,081-082,13.0
SKBBL,069-070,0.0
SKBBL,070-071,15.78
SKBBL,071-072,1.31
SKBBL,072-073,1.32
SKBBL,073-074,1.32
SKBBL,074-075,1.31
SKBBL,075-076,0.0
SKBBL,076-077,1.32
SKBBL,077-078,1.32
SKBBL,078-079,1.37
SKBBL,079-080,0.75
SKBBL,080-081,0.7
SKBBL,081-082,0.75
SLBBL,069-070,0.0
SLBBL,070-071,20.0
SLBBL,071-072,1.8
SLBBL,072-073,1.6
SLBBL,073-074,0.88
SLBBL,074-075,1.05
SLBBL,075-076,1.4
SLBBL,076-077,0.65
SLBBL,078-079,1.16
SLBBL,079-080,0.37
SLBBL,080-081,0.73
SLBBL,081-082,0.75
SLBSL,075-076,1.68
SLBSL,078-079,5.0
SMATA,072-073,1.0
SMATA,073-074,11.58
SMATA,074-075,7.36
SMATA,075-076,5.53
SMATA,076-077,6.32
SMATA,077-078,5.0
SMATA,078-079,3.0
SMATA,079-080,0.29
SMATA,080-081,0.26
SMATA,081-082,0.26
SMB,072-073,1.0
SMB,075-076,0.53
SMB,077-078,1.58
SMB,078-079,0.58
SMB,079-080,0.68
SMB,080-081,0.73
SMB,081-082,0.5
SMFBS,075-076,1.27
SMFBS,076-077,1.05
SMFBS,077-078,1.7
SMFBS,078-079,1.05
SMFBS,080-081,0.26
SMH,077-078,11.5
SMH,080-081,5.63
SMH,081-082,1.11
SMHL,079-080,2.0
SMHL,080-081,0.26
SMHL,081-082,0.26
SMJC,078-079,10.0
SMJC,080-081,0.25
SNLI,079-080,1.25
SNLI,081-082,15.26
SNORL,081-082,4.21
SPDL,076-077,0.25
SPDL,077-078,0.53
SPDL,081-082,0.53
SPIL,079-080,11.0
SPIL,080-081,30.0
SPIL,081-082,25.0
SRLI,079-080,0.0
SRLI,080-081,8.0
SRLI,081-082,10.18
SSHL,082-083,1.0
STC,060-061,20.0
STC,061-062,20.0
STC,062-063,20.0
STC,063-064,20.0
STC,064-065,10.0
STC,065-066,5.0
STC,066-067,10.0
STC,067-068,10.0
STC,069-070,0.0
STC,070-071,10.0
STC,071-072,10.0
STC,072-073,5.0
STC,073-074,10.0
STC,074-075,10.0
STC,075-076,10.0
STC,076-077,5.0
STC,077-078,0.53
STC,078-079,5.0
STC,079-080,0.79
STC,080-081,10.0
STC,081-082,0.5
SWBBL,067-068,26.58
SWBBL,069-070,13.36
SWBBL,070-071,23.5
SWBBL,071-072,10.63
SWBBL,072-073,19.68
SWBBL,073-074,0.0
SWBBL,074-075,11.84
SWBBL,075-076,0.0
SWBBL,076-077,1.0
SWBBL,077-078,6.0
SWBBL,078-079,6.05
SWBBL,079-080,0.65
SWBBL,080-081,0.75
SWBBL,081-082,4.36
SWMF,078-079,0.0
SWMF,079-080,0.0
SWMF,080-081,0.96
TPC,082-083,1.0
TRH,073-074,7.37
TRH,074-075,12.63
TRH,075-076,0.0
TRH,076-077,10.0
TRH,078-079,8.42
TRH,079-080,11.0
TRH,080-081,11.0
TRH,081-082,5.0
TTL,078-079,1.0
TTL,080-081,10.0
UAIL,079-080,0.54
UAIL,080-081,0.53
UAIL,081-082,0.23
UAIL,082-083,100.0
UHEWA,081-082,0.79
ULBSL,078-079,3.25
UMHL,072-073,100.0
UMHL,073-074,5.0
UMHL,074-075,5.0
UMHL,075-076,8.42
UMHL,076-077,5.26
UMHL,078-079,0.37
UMHL,081-082,0.37
UMRH,078-079,10.53
UMRH,079-080,0.29
UMRH,080-081,0.21
UMRH,081-082,0.26
UNL,068-069,680.0
UNL,069-070,760.0
UNL,070-071,860.0
UNL,071-072,990.0
UNL,072-073,1020.0
UNL,073-074,1270.0
UNL,074-075,700.0
UNL,075-076,770.0
UNL,076-077,100.0
UNL,077-078,650.0
UNL,078-079,1215.0
UNL,079-080,1580.0
UNL,080-081,1714.0
UNL,081-082,1842.0
UNLB,079-080,1.0
UPCL,078-079,0.45
UPCL,081-082,0.47
UPPER,080-081,1.0
USLB,073-074,4.0
USLB,074-075,2.13
USLB,075-076,5.0
VLBS,072-073,5.0
VLBS,073-074,5.0
VLBS,074-075,0.0
VLBS,075-076,0.0
VLBS,076-077,1.0
VLBS,077-078,1.06
VLBS,078-079,1.05
WNLB,077-078,0.5
