symbol,sector,shares_outstanding,market_price,avg_180d,avg_120d,yield_1y,eps,eps_fy,eps_quarter,pe_ratio,book_value,pbv,dividend_pct,market_cap,week52_high,week52_low,snapshot_date,dividend_pct_fy
ACLBSL,Microfinance,3671434.09,917.0,964.07,949.2,-20.9,34.02,082-083,3,26.95,179.21,5.12,,3366705060.53,1175.0,827.9,2026-08-10,
ADBL,Commercial Banks,143055190.9,307.9,311.39,312.05,-5.8,16.11,082-083,4,19.11,233.99,1.32,9.75,44046693278.11,344.9,285.2,2026-08-10,081-082
AHL,Hydro Power,3400000.0,414.0,492.29,478.75,-36.24,-19.31,082-083,3,-21.44,71.36,5.8,,1407600000.0,699.0,405.0,2026-08-10,
AHPC,Hydro Power,40404031.5,265.9,280.61,275.24,-10.84,4.41,082-083,3,60.29,110.71,2.4,0.26,10743431975.85,323.3,250.1,2026-08-10,081-082
AKJCL,Hydro Power,20000000.0,362.1,378.84,377.49,70.89,2.56,082-083,3,141.45,92.42,3.92,,7242000000.0,461.4,172.9,2026-08-10,
AKPL,Hydro Power,38959421.0,256.6,269.97,265.22,-6.08,4.92,082-083,3,52.15,103.42,2.48,0.53,9996987428.6,317.0,227.5,2026-08-10,078-079
ALBSL,Microfinance,8026856.77,1091.0,1121.32,1102.99,6.75,32.63,082-083,4,33.44,174.67,6.25,0.5,8757300736.07,1334.0,930.0,2026-08-10,081-082
ALICL,Life Insurance,50011592.1,422.0,451.82,445.82,-15.58,9.26,082-083,3,45.57,125.01,3.38,5.53,21104891866.2,509.0,413.4,2026-08-10,081-082
ANLB,Microfinance,895072.0,5999.0,6176.05,6081.8,3.17,69.71,082-083,4,86.06,362.38,16.55,0.75,5369536928.0,7560.0,5300.0,2026-08-10,081-082
APHL,Hydro Power,4700000.0,828.0,810.75,810.75,0.0,0.0,082-083,2,0.0,100.0,8.28,,3891600000.0,1053.4,299.7,2026-08-10,
API,Hydro Power,63797241.99,330.0,337.73,341.3,9.73,13.76,082-083,3,23.98,115.32,2.86,0.26,21053089856.7,370.0,258.8,2026-08-10,081-082
AVYAN,Microfinance,2500000.0,1053.0,1084.96,1086.71,-7.88,57.04,082-083,4,18.46,158.75,6.63,,2632500000.0,1366.0,906.0,2026-08-10,
BANDIPUR,Hotels And Tourism,28299930.0,692.0,837.18,792.25,0.0,-0.77,082-083,3,-898.7,91.9,7.53,,19583551560.0,1233.0,285.0,2026-08-10,
BARUN,Hydro Power,11225324.25,321.2,345.06,337.17,-17.94,2.01,082-083,3,159.8,107.72,2.98,0.25,3605574149.1,407.1,292.1,2026-08-10,081-082
BBC,Tradings,40100000.0,4289.0,4612.36,4499.21,-23.25,0.0,082-083,3,0.0,100.0,42.89,,171988900000.0,5690.0,3825.0,2026-08-10,
BEDC,Hydro Power,5440534.0,323.0,405.82,358.7,-57.53,-0.12,082-083,3,-2691.67,47.88,6.75,,1757292482.0,774.9,303.1,2026-08-10,
BFC,Finance,8904242.4,494.0,487.07,490.11,-5.98,8.8,082-083,3,56.14,112.72,4.38,,4398695745.6,562.0,411.5,2026-08-10,
BGWT,Hydro Power,6782399.0,556.0,677.89,641.4,-40.42,11.16,082-083,3,49.82,112.67,4.93,6.0,3771013844.0,944.0,516.1,2026-08-10,081-082
BHCL,Hydro Power,9091013.0,489.0,548.05,532.4,0.0,10.43,082-083,3,46.88,109.64,4.46,,4445505357.0,699.0,292.1,2026-08-10,
BHDC,Hydro Power,11862900.0,426.0,462.72,452.73,-30.0,13.22,082-083,3,32.22,117.43,3.63,0.26,5053595400.0,616.0,412.0,2026-08-10,081-082
BHL,Hydro Power,36559400.0,208.9,218.59,216.86,-4.18,8.59,082-083,3,24.32,79.95,2.61,,7637258660.0,264.4,164.0,2026-08-10,
BHPL,Hydro Power,2500000.0,497.0,532.9,515.97,-38.47,-0.59,082-083,3,-842.37,50.03,9.93,,1242500000.0,820.0,449.0,2026-08-10,
BJHL,Hydro Power,10000000.0,694.0,850.46,894.32,0.0,-3.26,082-083,3,-212.88,88.82,7.81,,6940000000.0,1305.0,270.1,2026-08-10,
BNHC,Hydro Power,8000000.0,286.2,336.98,317.16,-45.3,1.49,082-083,4,192.08,100.59,2.85,,2289600000.0,613.8,261.3,2026-08-10,
BNL,Manufacturing And Processing,1948890.0,14500.0,15061.76,14830.16,-15.7,150.48,082-083,3,96.36,3297.17,4.4,,28258905000.0,17400.0,13872.8,2026-08-10,
BNT,Manufacturing And Processing,1210000.0,11645.0,11709.56,11667.32,-7.06,305.29,082-083,3,38.14,3137.85,3.71,,14090450000.0,12780.0,10660.0,2026-08-10,
BPCL,Hydro Power,34090650.0,650.0,688.81,673.29,-26.75,11.71,082-083,3,55.51,210.33,3.09,6.0,22158922500.0,909.6,612.0,2026-08-10,081-082
BUNGAL,Hydro Power,8300000.0,584.8,646.2,646.34,0.0,-0.79,082-083,3,-740.25,84.68,6.91,,4853840000.0,895.0,302.4,2026-08-10,
CBBL,Microfinance,36172641.02,929.0,923.21,917.95,-13.77,33.41,082-083,3,27.81,241.93,3.84,12.5,33604383502.94,1124.0,882.0,2026-08-10,081-082
CFCL,Finance,9488754.6,660.0,569.54,581.15,24.16,5.19,082-083,3,127.17,114.62,5.76,,6262578036.0,699.0,445.1,2026-08-10,
CGH,Hotels And Tourism,16107955.5,785.1,808.58,792.21,-21.76,-0.78,082-083,3,-1006.54,100.2,7.84,0.26,12646355863.05,1104.0,748.0,2026-08-10,081-082
CHCL,Hydro Power,94849886.8,486.0,485.8,484.7,-8.23,6.49,082-083,3,74.88,121.0,4.02,4.0,46097044984.8,539.8,450.3,2026-08-10,081-082
CHDC,Investment,10342370.61,2200.0,2315.71,2242.36,-19.19,61.05,082-083,3,36.04,257.36,8.55,0.58,22753215342.0,2745.0,1967.0,2026-08-10,078-079
CHL,Hydro Power,7739550.0,268.0,285.91,280.6,-15.0,3.25,082-083,3,82.46,85.09,3.15,0.26,2074199400.0,332.5,223.4,2026-08-10,076-077
CIT,Investment,68057980.0,1709.9,1759.07,1739.93,-13.24,19.32,082-083,3,88.5,147.11,11.62,8.0,116372340002.0,1989.0,1630.3,2026-08-10,081-082
CITY,Hotels And Tourism,30132000.0,371.0,430.37,405.59,-60.67,-6.14,082-083,3,-60.42,97.28,3.81,,11178972000.0,963.0,327.8,2026-08-10,
CKHL,Hydro Power,4000000.0,584.0,662.36,643.67,-12.68,4.3,082-083,3,135.81,90.17,6.48,,2336000000.0,804.0,525.0,2026-08-10,
CLI,Life Insurance,50000000.0,443.9,459.67,453.01,-9.22,9.26,082-083,2,47.94,126.52,3.51,20.0,22195000000.0,526.0,411.0,2026-08-10,081-082
CORBL,Development Bank Limited,5250000.0,1065.0,1797.09,1808.22,-47.81,12.26,082-083,3,86.87,139.27,7.65,,5591250000.0,3183.0,965.0,2026-08-10,
CREST,Life Insurance,7500000.0,1189.0,1262.74,1211.21,-11.14,2.15,082-083,3,553.02,111.17,10.7,,8917500000.0,1588.0,985.2,2026-08-10,
CYCL,Microfinance,2664243.9,1280.0,1483.24,1436.32,-34.19,26.74,082-083,3,47.87,269.54,4.75,,3410232192.0,1982.8,1280.0,2026-08-10,
CZBIL,Commercial Banks,155074636.14,202.0,204.38,203.25,-10.14,11.23,082-083,3,17.99,155.99,1.29,0.26,31325076500.28,238.6,183.0,2026-08-10,081-082
DDBL,Microfinance,20551142.66,829.0,845.04,838.81,-10.49,44.13,082-083,3,18.79,212.26,3.91,5.0,17036897265.14,944.0,793.0,2026-08-10,081-082
DHEL,Hydro Power,10305000.0,584.9,638.65,607.64,0.0,-4.33,082-083,3,-135.08,128.02,4.57,,6027394500.0,918.9,402.2,2026-08-10,
DHPL,Hydro Power,2640000.0,290.0,301.8,296.19,-9.52,5.51,082-083,4,52.63,8.38,34.61,,765600000.0,345.0,254.0,2026-08-10,
DLBS,Microfinance,1331000.0,1165.0,1292.95,1271.13,-27.29,18.29,082-083,3,63.7,148.7,7.83,,1550615000.0,1634.0,1083.8,2026-08-10,
DOLTI,Hydro Power,5364860.0,320.0,402.14,356.2,-44.42,0.83,082-083,3,385.54,58.54,5.47,,1716755200.0,619.0,300.1,2026-08-10,
DORDI,Hydro Power,21085208.0,247.0,274.72,267.1,-18.8,0.83,082-083,3,297.59,105.5,2.34,,5208046376.0,327.4,213.1,2026-08-10,
EBL,Commercial Banks,137213760.0,723.0,700.89,705.29,2.18,36.95,082-083,4,19.57,256.47,2.82,14.0,99205548480.0,780.6,619.0,2026-08-10,081-082
ECL,Manufacturing And Processing,3000000.0,1665.0,998.18,998.18,0.0,0.0,083-084,3,0.0,100.0,16.65,,4995000000.0,1980.0,296.6,2026-08-10,
EDBL,Development Bank Limited,12496944.71,584.0,583.99,577.17,-8.92,24.76,082-083,4,23.59,177.85,3.28,,7298215710.06,683.4,545.0,2026-08-10,
EHPL,Hydro Power,6200000.0,344.0,392.91,378.56,-44.35,6.42,082-083,3,53.58,77.73,4.43,,2132800000.0,644.0,318.3,2026-08-10,
ENL,Investment,5556000.0,799.9,882.54,862.11,-24.37,4.26,082-083,3,187.77,110.58,7.23,5.26,4444244400.0,1091.5,762.0,2026-08-10,081-082
FMDBL,Microfinance,13448713.23,781.0,798.09,786.51,-15.28,14.18,082-083,4,55.08,137.26,5.69,6.5,10503445032.63,982.0,730.0,2026-08-10,081-082
FOWAD,Microfinance,11959537.1,930.0,1056.08,1040.24,-24.45,18.15,082-083,3,51.24,239.61,3.88,,11122369503.0,1364.0,920.1,2026-08-10,
GBBL,Development Bank Limited,60213483.67,419.0,412.19,412.32,-3.98,28.04,082-083,4,14.94,177.26,2.36,4.53,25229449657.73,449.4,367.4,2026-08-10,081-082
GBIME,Commercial Banks,381158350.0,251.0,239.58,240.72,-1.73,16.34,082-083,4,15.36,183.14,1.37,8.0,95670745850.0,270.6,218.9,2026-08-10,081-082
GBLBS,Microfinance,10053500.0,738.0,767.97,762.4,-14.07,40.0,082-083,3,18.45,295.18,2.5,,7419483000.0,876.0,698.0,2026-08-10,
GCIL,Manufacturing And Processing,50244542.7,345.0,404.56,391.68,-32.48,-4.21,082-083,3,-81.95,168.7,2.05,0.53,17334367231.5,518.0,315.5,2026-08-10,081-082
GFCL,Finance,9461152.0,605.0,636.87,626.37,-11.55,10.58,082-083,3,57.18,204.4,2.96,,5723996960.0,738.0,528.3,2026-08-10,
GHL,Hydro Power,16500000.0,228.0,239.6,233.38,-9.16,-2.15,082-083,3,-106.05,95.07,2.4,,3762000000.0,290.0,197.1,2026-08-10,
GILB,Microfinance,6482977.97,1070.0,1127.86,1113.25,-24.3,45.16,082-083,3,23.69,214.72,4.98,0.25,6936786427.9,1441.6,1020.1,2026-08-10,081-082
GLBSL,Microfinance,1323580.54,1795.9,1835.7,1796.53,-25.94,40.62,082-083,3,44.21,168.91,10.63,0.75,2377018288.19,2431.0,1705.2,2026-08-10,081-082
GLH,Hydro Power,18000000.0,256.9,269.26,263.0,-7.03,2.18,082-083,3,117.84,111.36,2.31,,4624200000.0,328.2,227.4,2026-08-10,
GMFBS,Microfinance,1515545.33,1154.0,1325.14,1276.49,-31.71,53.71,082-083,3,21.49,169.51,6.81,1.0,1748939305.05,1734.0,1130.5,2026-08-10,077-078
GMFIL,Finance,10121760.0,456.3,473.36,469.52,-8.83,6.0,082-083,3,76.05,168.38,2.71,,4618559088.0,540.0,393.1,2026-08-10,
GMLI,Life Insurance,7500000.0,1105.0,1409.29,1272.95,-47.42,2.59,082-083,3,426.64,107.08,10.32,,8287500000.0,2200.0,1085.1,2026-08-10,
GRDBL,Development Bank Limited,6155000.0,1049.0,1075.41,1065.08,-15.92,7.63,082-083,3,137.48,116.8,8.98,0.42,6456595000.0,1320.0,949.0,2026-08-10,081-082
GUFL,Finance,8679938.0,569.9,551.91,546.71,1.09,19.89,082-083,3,28.65,157.88,3.61,,4946696666.2,644.0,460.6,2026-08-10,
GVL,Hydro Power,34375000.0,482.0,490.61,487.04,-13.77,19.18,082-083,3,25.13,125.77,3.83,0.53,16568750000.0,602.0,461.0,2026-08-10,080-081
HATHY,Investment,31711680.0,693.0,817.92,771.93,-44.47,0.95,082-083,3,729.47,67.44,10.28,0.63,21976194240.0,1287.0,660.0,2026-08-10,081-082
HBL,Commercial Banks,225816625.32,194.8,202.46,201.07,-14.73,4.5,082-083,3,43.29,171.96,1.13,,43989078612.34,237.2,184.0,2026-08-10,
HDHPC,Hydro Power,28000000.0,208.0,220.52,219.52,1.35,-4.36,082-083,3,-47.71,74.09,2.81,,5824000000.0,274.0,162.0,2026-08-10,
HDL,Manufacturing And Processing,36880821.75,1167.0,1163.86,1158.82,-15.06,30.78,082-083,3,37.91,131.8,8.85,5.0,43039918982.25,1474.0,1097.6,2026-08-10,081-082
HEI,Non-Life Insurance,25001574.0,534.0,533.73,535.88,-8.55,5.9,082-083,3,90.51,205.28,2.6,8.0,13350840516.0,610.0,458.0,2026-08-10,081-082
HFIN,Hotels And Tourism,20000000.0,699.0,759.92,865.17,0.0,-3.6,082-083,3,-194.17,110.51,6.33,,13980000000.0,1450.6,101.7,2026-08-10,
HHL,Hydro Power,10950000.0,337.0,358.5,360.02,-14.14,8.29,082-083,3,40.65,84.17,4.0,,3690150000.0,416.6,309.0,2026-08-10,
HIDCL,Investment,249282110.0,254.0,267.68,263.55,-13.66,2.93,082-083,3,86.69,112.61,2.26,2.0,63317655940.0,307.0,245.0,2026-08-10,081-082
HIMSTAR,Hydro Power,3730000.0,696.0,865.22,821.69,0.0,-25.16,082-083,3,-27.66,78.98,8.81,,2596080000.0,1264.0,252.2,2026-08-10,
HLBSL,Microfinance,3410860.36,870.0,901.04,888.52,-17.64,31.26,082-083,4,27.83,185.53,4.69,0.35,2967448513.2,1074.0,830.0,2026-08-10,081-082
HLI,Life Insurance,91432373.1,319.7,347.87,336.08,-22.79,3.81,082-083,3,83.91,100.45,3.18,8.0,29230929680.07,418.2,313.1,2026-08-10,080-081
HPPL,Hydro Power,10654170.0,380.0,400.77,376.18,-24.71,15.76,082-083,3,24.11,127.79,2.97,,4048584600.0,605.0,340.1,2026-08-10,
HRL,Others,108680000.0,583.0,698.72,635.91,-42.53,-0.54,082-083,3,-1079.63,150.18,3.88,,63360440000.0,1074.8,545.0,2026-08-10,
HURJA,Hydro Power,19800000.0,238.0,257.83,248.67,-5.07,3.99,082-083,3,59.65,93.55,2.54,,4712400000.0,312.1,204.6,2026-08-10,
ICFC,Finance,11834709.6,603.0,632.84,622.54,-12.89,22.33,082-083,4,27.0,189.32,3.19,15.79,7136329888.8,715.0,580.0,2026-08-10,081-082
IGI,Non-Life Insurance,30293346.39,430.0,441.56,439.27,-21.54,0.02,082-083,3,21500.0,182.72,2.35,5.0,13026138947.7,555.0,392.0,2026-08-10,081-082
IHL,Hydro Power,6000000.0,346.0,432.36,396.12,-39.36,2.64,082-083,3,131.06,97.73,3.54,,2076000000.0,638.0,329.0,2026-08-10,
ILBS,Microfinance,4974159.43,876.9,932.78,914.46,-29.73,20.31,082-083,3,43.18,140.07,6.26,1.46,4361840404.17,1311.0,815.0,2026-08-10,077-078
ILI,Life Insurance,50000000.0,412.4,436.0,430.02,-10.12,9.81,082-083,3,42.04,131.49,3.14,10.53,20620000000.0,489.6,399.0,2026-08-10,081-082
JBBL,Development Bank Limited,43957858.86,340.0,354.09,354.28,-6.14,22.88,082-083,4,14.86,170.97,1.99,,14945672012.4,395.0,295.0,2026-08-10,
JBLB,Microfinance,17512355.62,1260.8,1297.74,1278.84,-14.28,47.73,082-083,3,26.42,255.24,4.94,0.74,22079577965.7,1644.0,1219.9,2026-08-10,081-082
JFL,Finance,6904728.0,384.5,415.21,406.2,-23.42,1.35,082-083,4,284.81,-0.89,-432.02,,2654867916.0,510.0,375.0,2026-08-10,
JHAPA,Others,3801900.0,1090.0,1372.0,1357.61,0.0,5.63,082-083,3,193.61,102.36,10.65,,4144071000.0,1929.0,293.4,2026-08-10,
JOSHI,Hydro Power,6128100.0,283.0,285.14,277.06,-14.59,-7.17,082-083,2,-39.47,67.88,4.17,,1734252300.0,388.6,246.0,2026-08-10,
JSLBB,Microfinance,1700919.0,980.0,1092.46,1061.51,-29.51,8.09,082-083,3,121.14,170.91,5.73,,1666900620.0,1389.9,941.0,2026-08-10,
KAHL,Hydro Power,14000000.0,542.2,511.67,511.67,0.0,0.0,082-083,3,0.0,100.0,5.42,,7590800000.0,613.0,295.4,2026-08-10,
KBL,Commercial Banks,262258613.4,215.0,215.54,217.52,-0.5,21.24,082-083,3,10.12,158.53,1.36,,56385601881.0,256.0,175.5,2026-08-10,
KBSH,Hydro Power,1474596.75,980.0,1493.7,1410.72,-51.0,9.93,082-083,3,98.69,130.2,7.53,0.53,1445104815.0,2025.0,888.7,2026-08-10,081-082
KDL,Hotels And Tourism,6300000.0,774.0,839.92,813.16,-30.54,9.16,082-083,4,84.5,109.21,7.09,0.26,4876200000.0,1185.0,730.0,2026-08-10,081-082
KHPL,Hydro Power,5500000.0,816.0,882.07,882.07,0.0,0.29,082-083,3,2813.79,105.5,7.73,,4488000000.0,1324.8,300.0,2026-08-10,
KKHC,Hydro Power,9314286.0,323.0,273.55,267.98,15.59,-2.08,082-083,3,-155.29,88.57,3.65,,3008514378.0,360.0,208.0,2026-08-10,
KMCDB,Microfinance,4484615.4,777.0,873.07,844.57,-29.68,4.37,082-083,3,177.8,154.96,5.01,0.53,3484546165.8,1189.3,735.0,2026-08-10,081-082
KPCL,Hydro Power,9339495.0,468.0,498.51,484.57,-22.93,12.77,082-083,3,36.65,123.52,3.79,0.37,4370883660.0,658.0,450.0,2026-08-10,081-082
KSBBL,Development Bank Limited,38619308.2,473.6,480.06,481.27,-11.08,22.75,082-083,4,20.82,171.01,2.77,5.79,18290104363.52,555.3,404.1,2026-08-10,081-082
LBBL,Development Bank Limited,36236781.62,491.9,490.79,490.14,-14.39,23.48,082-083,4,20.95,213.73,2.3,,17824872878.88,580.0,433.0,2026-08-10,
LEC,Hydro Power,22500000.0,221.2,227.5,223.32,-12.97,0.6,082-083,3,368.67,69.77,3.17,,4977000000.0,276.0,180.0,2026-08-10,
LICN,Life Insurance,55000000.0,774.9,818.67,805.63,-13.11,7.77,082-083,3,99.73,176.47,4.39,21.05,42619500000.0,969.0,763.0,2026-08-10,081-082
LLBS,Microfinance,4416621.0,885.0,953.77,939.5,-25.06,17.29,082-083,3,51.19,192.91,4.59,,3908709585.0,1203.0,819.4,2026-08-10,
LSL,Commercial Banks,267811630.0,220.2,219.38,220.2,-6.99,10.15,082-083,3,21.69,175.08,1.26,0.53,58972120926.0,244.0,203.0,2026-08-10,081-082
MABEL,Hydro Power,3858240.0,593.0,688.15,661.23,0.0,-2.92,082-083,3,-203.08,101.19,5.86,,2287936320.0,927.0,317.7,2026-08-10,
MAKAR,Hydro Power,7600000.0,429.8,499.03,482.5,-33.85,10.3,082-083,4,41.73,114.62,3.75,,3266480000.0,670.0,427.5,2026-08-10,
MANDU,Hydro Power,13636370.0,798.0,820.62,817.93,-11.63,23.36,082-083,4,34.16,162.88,4.9,0.53,10881823260.0,915.0,766.0,2026-08-10,081-082
MATRI,Microfinance,6283573.4,811.0,909.63,882.79,-32.69,15.11,082-083,3,53.67,132.3,6.13,,5095978027.4,1203.5,786.3,2026-08-10,
MBJC,Hydro Power,60000000.0,267.0,287.18,281.21,-16.03,1.71,082-083,3,156.14,94.7,2.82,,16020000000.0,333.0,261.1,2026-08-10,
MBL,Commercial Banks,120862115.6,255.0,248.64,250.1,-1.02,18.3,082-083,3,13.93,168.05,1.52,4.0,30819839478.0,284.0,205.0,2026-08-10,081-082
MCHL,Hydro Power,5425833.0,282.0,345.05,314.13,-47.19,0.93,082-083,3,303.23,-23.87,-11.81,,1530084906.0,553.0,262.0,2026-08-10,
MDB,Development Bank Limited,12171000.0,578.2,609.07,596.43,-12.61,11.6,082-083,4,49.84,143.2,4.04,10.0,7037272200.0,705.8,530.5,2026-08-10,081-082
MEHL,Hydro Power,8000000.0,296.0,387.78,358.45,-34.63,1.73,082-083,4,171.1,64.67,4.58,,2368000000.0,519.0,290.0,2026-08-10,
MEL,Hydro Power,29000000.0,214.9,252.13,235.48,-31.14,-3.11,082-083,3,-69.1,58.62,3.67,,6232100000.0,328.0,203.8,2026-08-10,
MEN,Hydro Power,31232588.5,595.1,594.87,592.49,-6.82,22.52,082-083,3,26.43,148.71,4.0,1.05,18586513416.35,683.4,535.0,2026-08-10,081-082
MERO,Microfinance,14864025.0,661.2,721.24,710.03,-24.32,13.33,082-083,3,49.6,151.87,4.35,0.25,9828093330.0,900.0,655.0,2026-08-10,081-082
MFIL,Finance,13515528.5,775.0,798.15,787.87,8.31,21.6,082-083,3,35.88,182.2,4.25,15.0,10474534587.5,938.0,545.0,2026-08-10,081-082
MHCL,Hydro Power,8025000.0,308.0,350.96,340.87,-33.24,10.4,082-083,3,29.62,87.89,3.5,,2471700000.0,480.0,301.0,2026-08-10,
MHL,Hydro Power,6467670.85,470.0,504.19,492.28,-16.26,8.47,082-083,3,55.49,113.44,4.14,,3039805299.5,600.0,445.0,2026-08-10,
MHNL,Hydro Power,12500000.0,242.0,264.61,256.64,-10.38,8.19,082-083,3,29.55,36.73,6.59,,3025000000.0,324.0,223.0,2026-08-10,
MKCL,Others,7560000.0,1075.0,1263.7,1211.89,-36.49,-3.49,082-083,3,-308.02,103.75,10.36,0.42,8127000000.0,1708.0,1041.0,2026-08-10,081-082
MKHC,Hydro Power,10000000.0,280.0,319.37,311.69,-38.15,3.9,082-083,3,71.79,63.15,4.43,,2800000000.0,483.0,266.0,2026-08-10,
MKHL,Hydro Power,3921568.0,494.9,619.44,540.54,-43.23,3.92,082-083,3,126.25,103.9,4.76,10.0,1940784003.2,915.0,457.0,2026-08-10,078-079
MKJC,Hydro Power,3763198.0,453.0,498.84,484.23,-22.03,4.09,082-083,3,110.76,104.59,4.33,0.12,1704728694.0,635.0,434.1,2026-08-10,079-080
MLBBL,Microfinance,2558436.21,1119.0,1231.58,1185.64,-31.1,38.36,082-083,3,29.17,199.67,5.6,0.75,2862890118.99,1661.0,1076.7,2026-08-10,081-082
MLBL,Development Bank Limited,45112810.7,350.9,368.19,362.56,-15.13,13.96,082-083,4,25.14,165.42,2.12,5.37,15830085274.63,418.0,340.1,2026-08-10,081-082
MLBS,Microfinance,1093750.0,1152.5,1304.47,1238.23,-34.48,16.06,082-083,3,71.76,141.2,8.16,,1260546875.0,1730.0,1113.0,2026-08-10,
MLBSL,Microfinance,2175625.0,1620.0,1806.54,1765.2,-30.18,33.74,082-083,3,48.01,243.39,6.66,,3524512500.0,2340.0,1600.0,2026-08-10,
MMKJL,Hydro Power,10000000.0,454.9,516.36,493.69,-22.01,11.13,082-083,4,40.87,100.57,4.52,,4549000000.0,699.9,429.1,2026-08-10,
MNBBL,Development Bank Limited,80008390.0,366.3,373.56,371.59,-17.22,15.71,082-083,3,23.32,155.09,2.36,4.67,29307073257.0,477.0,340.1,2026-08-10,081-082
MPFL,Finance,6102000.0,613.0,633.45,622.55,-2.79,1.16,082-083,3,528.45,119.31,5.14,,3740526000.0,744.0,491.0,2026-08-10,
MSHL,Hydro Power,7484000.0,608.0,709.77,671.82,-32.26,18.32,082-083,3,33.19,133.87,4.54,0.79,4550272000.0,955.0,576.0,2026-08-10,081-082
MSLB,Microfinance,3874948.67,1258.0,1272.91,1250.17,-22.83,49.88,082-083,4,25.22,227.91,5.52,0.25,4874685420.57,1634.0,1089.9,2026-08-10,081-082
NABBC,Development Bank Limited,5249930.6,825.4,1080.98,922.4,-51.11,-12.64,082-083,3,-65.3,32.98,25.03,,4333292717.24,1835.0,662.0,2026-08-10,
NABIL,Commercial Banks,270569970.0,556.0,528.76,533.75,5.43,28.36,082-083,4,19.61,247.28,2.25,12.5,150436903320.0,568.0,471.0,2026-08-10,081-082
NADEP,Microfinance,4857600.0,729.0,759.66,747.38,-25.78,17.87,082-083,3,40.79,162.87,4.48,,3541190400.0,970.0,696.0,2026-08-10,
NBL,Commercial Banks,146940229.28,269.9,266.34,268.47,-7.28,25.34,082-083,3,10.65,272.79,0.99,10.0,39659167882.67,302.9,225.4,2026-08-10,078-079
NESDO,Microfinance,2913375.0,1458.0,1543.81,1533.65,-19.51,65.09,082-083,3,22.4,287.49,5.07,,4247700750.0,1820.0,1380.1,2026-08-10,
NFS,Finance,7756467.5,567.4,603.85,587.48,-23.08,-13.52,082-083,3,-41.97,122.4,4.64,1.16,4401019659.5,763.9,550.0,2026-08-10,067-068
NGPL,Hydro Power,38784299.74,408.7,436.44,430.32,-2.56,1.39,082-083,3,294.03,151.88,2.69,0.25,15851143303.74,502.0,343.0,2026-08-10,081-082
NHDL,Hydro Power,4231340.0,640.0,644.4,638.42,-10.54,16.75,082-083,3,38.21,123.6,5.18,0.47,2708057600.0,796.0,606.3,2026-08-10,081-082
NHPC,Hydro Power,24671629.15,273.0,275.92,281.9,26.42,1.04,082-083,3,262.5,97.14,2.81,,6735354757.95,340.0,178.6,2026-08-10,
NICA,Commercial Banks,149175669.22,326.0,347.73,345.67,-15.25,1.25,082-083,3,260.8,172.97,1.88,,48631268165.72,411.0,304.5,2026-08-10,
NICL,Non-Life Insurance,25485750.0,499.0,510.84,510.67,-19.94,5.55,082-083,3,89.91,173.04,2.88,6.32,12717389250.0,634.0,475.0,2026-08-10,081-082
NICLBSL,Microfinance,17394400.0,547.0,575.39,569.64,-22.07,8.2,082-083,3,66.71,127.35,4.3,,9514736800.0,714.9,527.0,2026-08-10,
NIFRA,Investment,216000000.0,245.1,262.46,258.13,-14.07,4.57,082-083,4,53.63,117.22,2.09,6.32,52941600000.0,299.0,233.9,2026-08-10,081-082
NIL,Non-Life Insurance,27722783.0,615.9,627.77,624.23,-14.23,7.89,082-083,3,78.06,223.11,2.76,12.79,17074462049.7,728.0,562.0,2026-08-10,081-082
NIMB,Commercial Banks,341285950.0,195.0,200.11,198.33,-13.47,12.29,082-083,3,15.87,199.72,0.98,,66550760250.0,232.5,184.0,2026-08-10,
NLG,Non-Life Insurance,26678334.09,570.0,622.43,597.69,-32.85,1.74,082-083,3,327.59,170.93,3.33,3.37,15206650431.3,867.0,546.0,2026-08-10,081-082
NLIC,Life Insurance,94802013.7,739.8,768.83,760.67,-8.03,5.56,082-083,3,133.06,126.33,5.86,16.05,70134529735.26,872.0,702.0,2026-08-10,081-082
NLICL,Life Insurance,56916493.25,562.0,586.64,582.77,-11.97,9.76,082-083,3,57.58,130.39,4.31,8.5,31987069206.5,644.0,539.0,2026-08-10,081-082
NLO,Manufacturing And Processing,874352.4,269.4,269.4,0.0,-8.12,78.19,082-083,3,3.45,559.45,0.48,1.05,235550536.56,269.4,244.33,2026-08-10,081-082
NMB,Commercial Banks,192850410.0,243.1,244.73,243.67,-7.65,20.18,082-083,4,12.05,181.8,1.34,5.0,46881934671.0,278.0,230.0,2026-08-10,081-082
NMBMF,Microfinance,7214491.5,616.0,647.84,634.66,-18.96,16.08,082-083,3,38.31,142.44,4.32,,4444126764.0,787.9,582.0,2026-08-10,
NMFBS,Microfinance,15213630.0,1101.4,1132.78,1122.55,-20.46,51.59,082-083,3,21.35,259.51,4.24,0.75,16756292082.0,1405.0,1051.9,2026-08-10,081-082
NMIC,Non-Life Insurance,7500000.0,910.0,1102.81,1014.46,-41.8,4.54,082-083,3,200.44,100.17,9.08,,6825000000.0,1570.0,860.0,2026-08-10,
NMLBBL,Microfinance,13977642.7,515.1,593.7,575.44,-30.58,-71.21,082-083,3,-7.23,123.56,4.17,,7199883754.77,740.0,494.7,2026-08-10,
NRIC,Others,134221870.78,932.0,1036.33,958.58,-38.66,-58.02,082-083,3,-16.06,109.2,8.53,,125094783566.96,1842.0,865.0,2026-08-10,
NRM,Others,9675000.0,305.1,378.16,355.12,-35.42,-4.05,082-083,3,-75.33,85.78,3.56,,2951842500.0,590.0,295.1,2026-08-10,
NRN,Investment,17981212.0,1371.0,1466.65,1424.44,-40.54,-5.1,082-083,3,-268.82,172.44,7.95,2.11,24652241652.0,2351.7,1280.0,2026-08-10,081-082
NTC,Others,180000000.0,863.9,867.68,865.4,-1.88,46.47,082-083,3,18.59,550.88,1.57,30.0,155502000000.0,942.5,762.5,2026-08-10,081-082
NUBL,Microfinance,27426837.4,605.4,664.27,648.25,-23.34,7.54,082-083,3,80.29,214.43,2.82,7.0,16604207361.96,815.0,582.2,2026-08-10,081-082
NWCL,Others,6875000.0,688.0,798.82,767.22,-25.2,-6.92,082-083,3,-99.42,99.09,6.94,,4730000000.0,1045.0,680.0,2026-08-10,
NYADI,Hydro Power,15000000.0,370.0,396.05,386.93,-14.11,13.14,082-083,3,28.16,75.96,4.87,,5550000000.0,482.0,341.0,2026-08-10,
OHL,Hotels And Tourism,11844949.6,665.0,702.0,692.65,-23.83,-3.98,082-083,3,-167.09,328.17,2.03,0.26,7876891484.0,916.0,633.1,2026-08-10,080-081
OMPL,Manufacturing And Processing,6000000.0,893.0,1155.16,1086.18,-36.87,-9.1,082-083,3,-98.13,97.5,9.16,,5358000000.0,1575.9,848.0,2026-08-10,
PCBL,Commercial Banks,209547817.73,240.0,241.33,239.54,-7.11,19.66,082-083,3,12.21,171.28,1.4,0.42,50291476255.2,275.9,225.0,2026-08-10,081-082
PCIL,Manufacturing And Processing,37500000.0,622.3,723.81,723.81,0.0,2.04,082-083,3,305.05,129.58,4.8,,23336250000.0,1280.0,300.0,2026-08-10,
PHCL,Hydro Power,32000000.0,296.0,307.78,305.8,-40.93,0.16,082-083,3,1850.0,100.23,2.95,,9472000000.0,515.0,249.7,2026-08-10,
PMHPL,Hydro Power,11000000.0,318.0,344.04,333.2,-16.45,9.97,082-083,3,31.9,84.8,3.75,,3498000000.0,468.0,287.0,2026-08-10,
PMLI,Life Insurance,53077939.2,437.5,471.98,460.63,-15.68,6.91,082-083,3,63.31,115.6,3.78,4.42,23221598400.0,543.6,424.2,2026-08-10,081-082
PPCL,Hydro Power,9625000.0,338.9,377.18,367.4,-3.16,8.85,082-083,4,38.29,98.65,3.44,,3261912500.0,462.0,284.1,2026-08-10,
PPL,Hydro Power,9489000.0,328.4,358.21,345.55,-14.38,-2.53,082-083,3,-129.8,102.98,3.19,,3116187600.0,425.0,263.2,2026-08-10,
PRIN,Non-Life Insurance,17009559.2,666.0,695.72,677.66,-16.81,16.58,082-083,3,40.17,209.55,3.18,0.46,11328366427.2,815.0,630.0,2026-08-10,081-082
PROFL,Finance,8481060.0,420.0,451.98,443.53,-20.15,-3.89,082-083,3,-107.97,75.05,5.6,,3562045200.0,536.0,415.0,2026-08-10,
PRVU,Commercial Banks,235424900.0,191.0,198.43,196.7,-17.46,4.82,082-083,3,39.63,146.26,1.31,,44966155900.0,235.6,179.9,2026-08-10,
PURE,Others,8000000.0,820.0,917.23,890.07,-6.08,1.95,082-083,3,420.51,101.94,8.04,,6560000000.0,1262.0,706.2,2026-08-10,
RADHI,Hydro Power,18389793.2,711.0,785.13,752.46,-10.82,23.49,082-083,3,30.27,176.26,4.03,0.25,13075142965.2,940.0,618.8,2026-08-10,080-081
RAWA,Hydro Power,2800000.0,420.0,583.06,525.76,-46.22,12.77,082-083,3,32.89,84.73,4.96,,1176000000.0,851.7,399.0,2026-08-10,
RBCL,Non-Life Insurance,2666390.59,14210.0,15007.96,14873.72,-10.06,144.49,082-083,3,98.35,6524.1,2.18,6.0,37889410283.9,16261.0,14000.0,2026-08-10,062-063
RFPL,Hydro Power,14000000.0,334.7,372.4,358.82,-47.58,1.78,082-083,3,188.03,118.41,2.83,,4685800000.0,464.2,306.0,2026-08-10,
RHGCL,Hydro Power,12255876.0,258.1,286.99,282.12,-19.04,0.03,082-083,3,8603.33,95.74,2.7,,3163241595.6,353.0,217.2,2026-08-10,
RHPL,Hydro Power,68421000.0,259.0,279.16,271.68,-20.58,-24.16,082-083,3,-10.72,70.04,3.7,,17721039000.0,350.0,244.4,2026-08-10,
RIDI,Hydro Power,23233518.0,375.0,347.06,351.63,45.27,4.3,082-083,3,87.21,103.2,3.63,,8712569250.0,415.0,203.5,2026-08-10,
RLEL,Hydro Power,11850000.0,890.0,928.32,975.0,0.0,10.57,082-083,3,84.2,125.06,7.12,,10546500000.0,1592.3,300.0,2026-08-10,
RLFL,Finance,11214520.0,452.6,459.59,457.15,-10.15,4.51,082-083,3,100.35,115.8,3.91,,5075691752.0,514.9,398.0,2026-08-10,
RNLI,Life Insurance,51968000.0,431.7,462.77,457.27,-10.96,12.07,082-083,3,35.77,146.17,2.95,12.0,22434585600.0,520.2,416.0,2026-08-10,081-082
RSDC,Microfinance,10340644.2,638.0,668.16,661.64,-14.44,13.37,082-083,4,47.72,131.07,4.87,8.0,6597330999.6,763.0,578.7,2026-08-10,081-082
RSML,Manufacturing And Processing,19000000.0,2620.0,3005.01,3545.4,0.0,18.73,082-083,3,139.88,497.37,5.27,,49780000000.0,5049.0,300.0,2026-08-10,
RURU,Hydro Power,6240544.2,614.0,652.9,644.53,-18.57,13.25,082-083,3,46.34,128.34,4.78,5.79,3831694138.8,830.0,591.0,2026-08-10,081-082
SABBL,Development Bank Limited,5223880.0,979.0,1151.48,1161.29,0.0,-0.81,082-083,3,-1208.64,103.75,9.44,,5114178520.0,2000.0,300.0,2026-08-10,
SADBL,Development Bank Limited,37340685.06,408.4,417.94,413.34,-10.39,23.83,082-083,4,17.14,169.5,2.41,5.36,15249935778.5,463.9,376.0,2026-08-10,081-082
SAGAR,Manufacturing And Processing,7260000.0,1750.0,1780.04,1700.25,0.0,-6.49,082-083,3,-269.65,127.08,13.77,,12705000000.0,2439.0,319.5,2026-08-10,
SAHAS,Hydro Power,45738000.0,671.9,633.46,649.01,-0.63,29.72,082-083,4,22.61,180.58,3.72,1.11,30731362200.0,716.6,535.3,2026-08-10,081-082
SAIL,Manufacturing And Processing,16312500.0,1090.0,1157.97,1080.94,0.0,1.64,082-083,3,664.63,110.9,9.83,,17780625000.0,1690.0,301.7,2026-08-10,
SALICO,Non-Life Insurance,26226382.0,589.0,605.89,603.67,-14.93,6.77,082-083,3,87.0,233.64,2.52,15.0,15447338998.0,712.0,570.0,2026-08-10,081-082
SANIMA,Commercial Banks,135815254.1,370.0,355.07,359.43,0.12,26.14,082-083,4,14.15,188.42,1.96,7.37,50251644017.0,390.6,295.0,2026-08-10,081-082
SANVI,Hydro Power,8800000.0,590.0,711.65,667.88,-23.69,-8.5,082-083,3,-69.41,107.55,5.49,5.25,5192000000.0,1060.0,536.0,2026-08-10,079-080
SAPDBL,Development Bank Limited,8343384.32,839.9,832.9,817.31,-7.29,18.04,082-083,4,46.56,86.71,9.69,5.04,7007608490.37,1065.7,686.0,2026-08-10,074-075
SARBTM,Manufacturing And Processing,52242750.0,785.0,844.47,828.65,-17.42,23.12,082-083,3,33.95,195.96,4.01,15.0,41010558750.0,968.0,750.0,2026-08-10,081-082
SBI,Commercial Banks,113351243.91,405.9,403.75,399.65,-2.68,17.19,082-083,3,23.61,189.57,2.14,5.0,46009269903.07,441.0,363.0,2026-08-10,081-082
SBL,Commercial Banks,147944792.0,410.0,395.13,396.86,10.34,23.79,082-083,4,17.23,225.9,1.81,5.53,60657364720.0,424.7,320.5,2026-08-10,081-082
SCB,Commercial Banks,100423680.0,648.0,651.55,649.73,0.63,27.64,082-083,3,23.44,218.59,2.96,19.0,65074544640.0,712.6,594.9,2026-08-10,081-082
SGHC,Hydro Power,15929790.0,315.3,372.76,354.6,-26.36,11.13,082-083,4,28.33,83.65,3.77,,5022662787.0,487.6,296.0,2026-08-10,
SGHL,Hydro Power,28500000.0,518.0,494.79,494.79,0.0,0.0,082-083,3,0.0,100.0,5.18,,14763000000.0,587.0,299.3,2026-08-10,
SGIC,Non-Life Insurance,21500000.0,452.0,478.9,473.64,-21.98,3.19,082-083,3,141.69,153.04,2.95,0.26,9718000000.0,588.0,437.0,2026-08-10,081-082
SHEL,Hydro Power,30450000.0,307.0,312.49,309.63,-2.29,8.96,082-083,3,34.26,109.82,2.8,,9348150000.0,361.0,262.0,2026-08-10,
SHINE,Development Bank Limited,50219727.3,407.2,411.37,409.26,-6.77,23.52,082-083,4,17.31,159.48,2.55,10.0,20449472956.56,449.7,382.0,2026-08-10,081-082
SHIVM,Manufacturing And Processing,55932287.13,637.7,656.33,658.1,-0.9,14.76,082-083,3,43.2,185.31,3.44,10.0,35668019502.8,730.0,524.0,2026-08-10,081-082
SHL,Hotels And Tourism,11751525.4,499.1,500.4,499.44,-11.71,6.25,082-083,3,79.86,26.73,18.67,16.58,5865186327.14,579.0,464.0,2026-08-10,081-082
SHLB,Microfinance,1093750.0,1475.0,1523.06,1483.93,-30.82,19.97,082-083,3,73.86,272.78,5.41,,1613281250.0,2115.1,1395.0,2026-08-10,
SHPC,Hydro Power,37379937.1,498.5,520.73,510.55,-15.51,4.83,082-083,3,103.21,133.39,3.74,,18633898644.35,596.1,475.0,2026-08-10,
SICL,Non-Life Insurance,31015678.0,609.1,629.41,622.67,-20.92,3.03,082-083,3,201.02,189.6,3.21,0.32,18891649469.8,777.0,588.8,2026-08-10,081-082
SIFC,Finance,10000000.0,505.5,554.42,538.89,-5.45,3.38,082-083,3,149.56,139.08,3.63,6.4,5055000000.0,687.4,459.0,2026-08-10,081-082
SIKLES,Hydro Power,9775000.0,559.0,594.1,580.3,-52.44,16.3,082-083,3,34.29,112.28,4.98,0.79,5464225000.0,1170.0,540.0,2026-08-10,081-082
SINDU,Development Bank Limited,5574560.67,691.0,740.7,723.34,-14.51,-7.91,082-083,3,-87.36,91.3,7.57,,3852021422.97,919.9,608.0,2026-08-10,
SIPD,Hydro Power,9800000.0,680.0,715.38,715.38,0.0,0.0,082-083,3,0.0,100.0,6.8,,6664000000.0,1216.8,284.3,2026-08-10,
SJCL,Hydro Power,36500000.0,273.5,298.94,291.2,-14.5,0.79,082-083,3,346.2,82.1,3.33,,9982750000.0,365.0,263.2,2026-08-10,
SJLIC,Life Insurance,50119477.97,412.6,434.17,427.47,-7.41,8.79,082-083,3,46.94,125.49,3.29,13.0,20679296610.42,489.9,390.0,2026-08-10,081-082
SKBBL,Microfinance,49271700.8,749.9,767.6,762.09,-18.39,13.26,082-083,4,56.55,221.76,3.38,0.75,36948848426.17,954.8,740.0,2026-08-10,081-082
SKHEL,Hydro Power,6896744.0,990.0,1077.09,1142.75,0.0,-4.37,082-083,3,-226.54,91.92,10.77,,6827776560.0,2069.4,284.3,2026-08-10,
SKHL,Hydro Power,15500000.0,890.0,906.17,952.6,0.0,14.41,082-083,3,61.76,138.19,6.44,,13795000000.0,1360.0,300.0,2026-08-10,
SLBBL,Microfinance,8956336.3,802.0,823.06,815.42,-24.25,31.3,082-083,3,25.62,160.03,5.01,0.75,7182981712.6,1064.0,770.1,2026-08-10,081-082
SLBSL,Microfinance,1708050.0,982.1,1235.73,1188.75,-37.76,45.93,082-083,3,21.38,136.91,7.17,,1677475905.0,1612.0,975.0,2026-08-10,
SMATA,Microfinance,6605041.4,728.0,775.59,760.72,-32.53,16.62,082-083,3,43.8,139.56,5.22,0.26,4808470139.2,1096.5,713.5,2026-08-10,081-082
SMB,Microfinance,1340755.77,1820.0,1835.48,1805.85,-26.26,56.82,082-083,4,32.03,205.13,8.87,0.5,2440175501.4,2517.0,1699.0,2026-08-10,081-082
SMFBS,Microfinance,1534455.09,1493.1,1605.72,1575.73,-21.29,37.96,082-083,3,39.33,215.59,6.93,,2291094894.88,1958.8,1420.0,2026-08-10,
SMH,Hydro Power,5350000.0,506.0,593.1,556.12,-42.66,9.42,082-083,3,53.72,130.95,3.86,1.11,2707100000.0,1024.8,482.6,2026-08-10,081-082
SMHL,Hydro Power,23152500.0,494.0,494.38,492.68,-54.98,18.4,082-083,4,26.85,119.5,4.13,0.26,11437335000.0,1090.0,443.0,2026-08-10,081-082
SMJC,Hydro Power,11732000.0,458.0,467.59,458.92,-24.73,3.05,082-083,3,150.16,108.09,4.24,0.25,5373256000.0,618.0,418.0,2026-08-10,080-081
SMPDA,Microfinance,7008583.45,745.0,837.67,817.76,-27.92,25.2,082-083,3,29.56,160.04,4.66,,5221394670.25,1155.0,730.0,2026-08-10,
SNLI,Life Insurance,52827936.0,414.0,451.93,443.66,-14.02,8.58,082-083,3,48.25,141.38,2.93,15.26,21870765504.0,528.3,411.6,2026-08-10,081-082
SNORL,Hydro Power,9375000.0,906.0,798.75,798.75,0.0,0.0,082-083,3,0.0,100.0,9.06,4.21,8493750000.0,1017.1,298.7,2026-08-10,081-082
SOHL,Hydro Power,100000000.0,688.0,647.44,662.1,0.0,0.0,082-083,3,0.0,100.0,6.88,,68800000000.0,875.5,300.0,2026-08-10,
SONA,Manufacturing And Processing,30750500.0,408.0,436.59,431.87,-12.29,9.81,082-083,3,41.59,197.22,2.07,,12546204000.0,510.0,398.0,2026-08-10,
SOPL,Manufacturing And Processing,17160000.0,792.0,802.83,802.83,0.0,0.0,082-083,2,0.0,100.0,7.92,,13590720000.0,1217.0,276.5,2026-08-10,
SPC,Hydro Power,5000000.0,419.0,465.23,448.21,-21.81,-0.35,082-083,3,-1197.14,106.74,3.93,,2095000000.0,577.0,400.0,2026-08-10,
SPDL,Hydro Power,13308487.5,368.0,400.21,391.03,-10.2,5.33,082-083,3,69.04,107.18,3.43,0.53,4897523400.0,474.0,345.0,2026-08-10,081-082
SPHL,Hydro Power,3000000.0,524.0,550.55,549.07,-19.73,5.05,082-083,3,103.76,94.63,5.54,,1572000000.0,708.0,477.1,2026-08-10,
SPIL,Non-Life Insurance,28065499.0,690.0,712.61,711.28,-15.76,1.91,082-083,3,361.26,250.06,2.76,25.0,19365194310.0,844.1,625.0,2026-08-10,081-082
SPL,Hydro Power,2000000.0,652.0,710.51,691.65,-31.53,8.16,082-083,3,79.9,101.11,6.45,,1304000000.0,1000.0,618.0,2026-08-10,
SRLI,Life Insurance,50149240.6,374.0,392.51,388.98,-8.7,9.06,082-083,3,41.28,111.65,3.35,10.18,18755815984.4,437.7,363.9,2026-08-10,081-082
SSHL,Hydro Power,29528000.0,200.3,211.07,210.44,-0.56,-3.11,082-083,3,-64.41,54.56,3.67,,5914458400.0,251.0,151.0,2026-08-10,
STC,Tradings,3511850.66,5180.0,5596.61,5488.98,-3.03,36.36,082-083,3,142.46,499.99,10.36,0.5,18191386403.26,6335.9,4832.0,2026-08-10,081-082
SWASTIK,Microfinance,577500.0,2040.0,2451.26,2289.99,0.0,21.33,082-083,3,95.64,158.94,12.84,,1178100000.0,3400.0,391.7,2026-08-10,
SWBBL,Microfinance,17500000.0,665.0,728.58,717.6,-29.4,24.59,082-083,3,27.04,226.54,2.94,4.36,11637500000.0,952.5,630.5,2026-08-10,081-082
SWMF,Microfinance,11062862.96,619.0,660.88,650.42,-21.91,22.82,082-083,3,27.13,152.82,4.05,,6847912172.24,808.4,586.2,2026-08-10,
SYPNL,Manufacturing And Processing,13081361.0,1284.0,1584.28,1453.54,0.0,3.08,082-083,3,416.88,108.94,11.79,,16796467524.0,2255.9,319.8,2026-08-10,
TAMOR,Hydro Power,33324970.0,445.1,444.77,448.04,-13.68,10.04,082-083,3,44.33,117.67,3.78,,14832944147.0,526.0,396.4,2026-08-10,
TPC,Hydro Power,8000000.0,359.5,377.05,366.92,-5.56,10.49,082-083,3,34.27,100.45,3.58,,2876000000.0,450.0,270.1,2026-08-10,
TPKHL,Hydro Power,12000000.0,554.0,538.9,538.9,0.0,0.0,082-083,3,0.0,100.0,5.54,,6648000000.0,772.5,300.0,2026-08-10,
TRH,Hotels And Tourism,19621201.6,790.0,766.51,767.32,-16.52,-9.84,082-083,3,-80.28,147.3,5.36,5.0,15500749264.0,992.0,681.1,2026-08-10,081-082
TSHL,Hydro Power,4925000.0,369.9,588.5,517.48,-56.33,-9.18,082-083,3,-40.29,60.99,6.06,,1821757500.0,900.0,308.1,2026-08-10,
TTL,Others,8156097.0,710.0,820.46,783.94,-32.55,2.45,082-083,3,289.8,106.14,6.69,,5790828870.0,1173.0,670.0,2026-08-10,
TVCL,Hydro Power,17891627.7,482.0,543.53,509.39,-0.9,-7.01,082-083,3,-68.76,78.22,6.16,,8623764551.4,689.0,377.6,2026-08-10,
UAIL,Non-Life Insurance,24089996.7,440.7,458.94,454.2,-22.46,-3.86,082-083,3,-114.17,171.66,2.57,0.23,10616461545.69,579.7,421.0,2026-08-10,081-082
UHEWA,Hydro Power,5750000.0,582.0,587.59,589.12,-1.21,18.72,082-083,3,31.09,114.97,5.06,0.79,3346500000.0,692.6,521.0,2026-08-10,081-082
ULBSL,Microfinance,1061482.0,2738.0,3018.57,2929.29,-25.28,52.93,082-083,4,51.73,305.54,8.96,,2906337716.0,4325.0,2700.0,2026-08-10,
ULHC,Hydro Power,5098040.0,379.0,474.11,445.87,-22.82,-1.59,082-083,3,-238.36,93.5,4.05,,1932157160.0,599.0,337.0,2026-08-10,
UMHL,Hydro Power,12305000.0,583.0,596.55,585.14,-0.62,5.44,082-083,3,107.17,111.68,5.22,0.37,7173815000.0,706.0,495.0,2026-08-10,081-082
UMRH,Hydro Power,4838652.0,526.1,543.44,536.2,-16.19,19.15,082-083,3,27.47,114.84,4.58,0.26,2545614817.2,666.5,512.0,2026-08-10,081-082
UNHPL,Hydro Power,7500000.0,375.0,454.35,430.21,-5.08,4.36,082-083,4,86.01,105.02,3.57,,2812500000.0,571.0,370.0,2026-08-10,
UNL,Manufacturing And Processing,921000.0,48500.0,46884.68,46973.61,3.84,659.14,082-083,3,73.58,5114.98,9.48,1842.0,44668500000.0,49738.9,45200.0,2026-08-10,081-082
UNLB,Microfinance,1485750.0,1275.9,1513.22,1376.28,-47.3,34.39,082-083,4,37.1,247.59,5.15,1.0,1895668425.0,2467.0,1213.0,2026-08-10,079-080
UPCL,Hydro Power,24851236.18,350.0,373.17,365.69,-14.44,1.1,082-083,3,318.18,114.95,3.04,0.47,8697932663.0,430.4,326.9,2026-08-10,081-082
UPPER,Hydro Power,211800000.0,192.0,202.99,201.32,-3.88,1.81,082-083,3,106.08,46.69,4.11,,40665600000.0,242.6,166.0,2026-08-10,
USHEC,Hydro Power,13500000.0,497.0,494.76,496.54,-0.45,20.43,082-083,3,24.33,118.95,4.18,,6709500000.0,539.1,432.0,2026-08-10,
USHL,Hydro Power,2200000.0,538.9,634.78,593.97,-22.16,5.2,082-083,3,103.63,95.74,5.63,,1185580000.0,945.0,468.1,2026-08-10,
USLB,Microfinance,2468657.36,1125.0,1311.49,1249.87,-53.74,17.04,082-083,2,66.02,159.37,7.06,,2777239530.0,2430.0,1105.8,2026-08-10,
VLBS,Microfinance,7917220.59,666.0,724.44,702.96,-28.04,-4.51,082-083,3,-147.67,158.39,4.2,,5272868912.94,926.0,640.0,2026-08-10,
VLUCL,Hydro Power,19125000.0,420.0,503.49,476.23,-31.62,-7.01,082-083,3,-59.91,127.73,3.29,,8032500000.0,652.0,412.0,2026-08-10,
WNLB,Microfinance,843405.5,1351.0,1455.85,1415.63,-43.85,13.6,082-083,3,99.34,131.8,10.25,,1139440830.5,2406.5,1242.1,2026-08-10,
YMHL,Hydro Power,7000000.0,621.8,597.55,597.55,0.0,0.0,082-083,3,0.0,100.0,6.22,,4352600000.0,797.6,300.0,2026-08-10,
